2,Blue,0.0,0.0,-0.09970674486803519,0.09970674486803519,0.0,0.0,0.0
20,Blue,0.0,0.0,-0.09970674486803519,0.09970674486803519,0.0,0.0,0.0
39,Blue,0.0,0.0,-0.09970674486803519,0.09970674486803519,0.0,0.0,0.0
61,Blue,0.0,0.0,-0.09970674486803519,0.09970674486803519,0.0,0.0,0.0
80,Blue,0.0,0.0,-0.09970674486803519,0.09970674486803519,0.0,0.0,0.0
100,Blue,0.0,0.0,-0.09970674486803519,0.09970674486803519,0.0,0.0,0.0
120,Blue,0.0,0.0,-0.09970674486803519,0.09970674486803519,0.0,0.0,0.0
140,Blue,0.0,0.0,-0.09970674486803519,0.09970674486803519,0.0,0.0,0.0
159,Blue,0.0,0.0,-0.09970674486803519,0.09970674486803519,0.0,0.0,0.0
179,Blue,0.0,0.0,-0.09970674486803519,0.09970674486803519,0.0,0.0,0.0
201,Blue,0.0,0.0,-0.09970674486803519,0.09970674486803519,0.0,0.0,0.0
220,Blue,0.0,0.0,-0.09970674486803519,0.09970674486803519,0.0,0.0,0.0
240,Blue,0.0,0.0,-0.09970674486803519,0.09970674486803519,0.0,0.0,0.0
260,Blue,0.0,0.0,-0.09970674486803519,0.09970674486803519,0.0,0.0,0.0
280,Blue,0.0,0.0,-0.09970674486803519,0.09970674486803519,0.0,0.0,0.0
301,Blue,-0.0078125,0.0,-0.09970674486803519,0.09970674486803519,0.0,0.0,0.0
320,Blue,-0.0078125,-0.0078125,-0.09970674486803519,0.09970674486803519,0.0,0.0,0.0
340,Blue,-0.0078125,-0.0078125,-0.09970674486803519,0.09970674486803519,0.0,0.0,0.0
364,Blue,-0.0234375,-0.03125,-0.09970674486803519,0.09970674486803519,0.0,0.0,0.0
381,Blue,-0.046875,-0.0859375,-0.09970674486803519,0.09970674486803519,0.0,0.0,0.0
401,Blue,-0.078125,-0.109375,-0.09970674486803519,0.09970674486803519,0.0,0.0,0.0
420,Blue,-0.1171875,-0.1484375,-0.09970674486803519,0.09970674486803519,0.0,0.0,0.0
440,Blue,-0.1484375,-0.1796875,-0.09970674486803519,0.09970674486803519,0.0,0.0,0.0
461,Blue,-0.1796875,-0.21875,-0.09970674486803519,0.09970674486803519,0.0,0.0,0.0
481,Blue,-0.21875,-0.328125,-0.09970674486803519,0.09970674486803519,0.0,0.0,0.0
501,Blue,-0.2734375,-0.3828125,-0.09970674486803519,0.09970674486803519,0.0,0.0,0.0
520,Blue,-0.3125,-0.4453125,-0.09970674486803519,0.09970674486803519,0.0,0.0,0.0
541,Blue,-0.3671875,-0.53125,-0.09970674486803519,0.09970674486803519,0.0,0.0,0.0
561,Blue,-0.4296875,-0.5625,-0.09970674486803519,0.09970674486803519,0.0,0.0,0.0
580,Blue,-0.5078125,-0.59375,-0.09970674486803519,0.09970674486803519,0.0,0.0,0.0
600,Blue,-0.5625,-0.6875,-0.09970674486803519,0.09970674486803519,0.0,0.0,0.0
621,Blue,-0.6015625,-0.703125,-0.09970674486803519,0.09970674486803519,0.0,0.0,0.0
642,Blue,-0.609375,-0.75,-0.09970674486803519,0.09970674486803519,0.0,0.0,0.0
661,Blue,-0.671875,-0.796875,-0.09970674486803519,0.09970674486803519,0.0,0.0,0.0
680,Blue,-0.6875,-0.8125,-0.09970674486803519,0.09970674486803519,0.0,0.0,0.0
701,Blue,-0.7265625,-0.8359375,-0.09970674486803519,0.09970674486803519,0.0,0.0,0.0
720,Blue,-0.75,-0.875,-0.09970674486803519,0.09970674486803519,0.0,0.0,0.0
741,Blue,-0.765625,-0.8984375,-0.09970674486803519,0.09970674486803519,0.0,0.0,0.0
760,Blue,-0.78125,-0.90625,-0.09970674486803519,0.09970674486803519,0.0,0.0,0.0
781,Blue,-0.828125,-0.9296875,-0.09970674486803519,0.09970674486803519,0.0,0.0,0.0
800,Blue,-0.84375,-0.9453125,-0.09970674486803519,0.09970674486803519,0.0,0.0,0.0
820,Blue,-0.8671875,-0.96875,-0.09970674486803519,0.09970674486803519,0.0,0.0,0.0
840,Blue,-0.8671875,-0.96875,-0.09970674486803519,0.09970674486803519,0.0,0.0,0.0
861,Blue,-0.90625,-0.984375,-0.09970674486803519,0.09970674486803519,0.0,0.0,0.0
880,Blue,-0.9453125,-1.0,-0.09970674486803519,0.09970674486803519,0.0,0.0,0.0
900,Blue,-0.9609375,-1.0,-0.09970674486803519,0.09970674486803519,0.0,0.0,0.0
922,Blue,-1.0,-1.0,-0.09970674486803519,0.09970674486803519,0.0,0.0,0.0
940,Blue,-1.0,-1.0,-0.09970674486803519,0.09970674486803519,0.0,0.0,0.0
960,Blue,-1.0,-1.0,-0.09970674486803519,0.09970674486803519,0.0,0.0,0.0
980,Blue,-1.0,-1.0,-0.09970674486803519,0.09970674486803519,0.0,0.0,0.0
1001,Blue,-1.0,-1.0,-0.09970674486803519,0.09970674486803519,0.0,0.0,0.0
1021,Blue,-1.0,-1.0,-0.09970674486803519,0.09970674486803519,0.0,0.0,0.0
1041,Blue,-1.0,-1.0,-0.09970674486803519,0.09970674486803519,0.0,0.0,0.0
1060,Blue,-1.0,-1.0,-0.09970674486803519,0.09970674486803519,0.0,0.0,0.0
1082,Blue,-1.0,-1.0,-0.09970674486803519,0.09970674486803519,0.0,0.0,0.0
1100,Blue,-1.0,-1.0,-0.09970674486803519,0.09970674486803519,0.0,0.0,0.0
1120,Blue,-1.0,-1.0,-0.09970674486803519,0.09970674486803519,0.0,0.0,0.0
1140,Blue,-1.0,-1.0,-0.09970674486803519,0.09970674486803519,0.0,0.0,0.0
1161,Blue,-1.0,-1.0,-0.09970674486803519,0.09970674486803519,0.0,0.0,0.0
1180,Blue,-1.0,-1.0,-0.09970674486803519,0.09970674486803519,0.0,0.0,0.0
1200,Blue,-1.0,-1.0,-0.09970674486803519,0.09970674486803519,0.0,0.0,0.0
1221,Blue,-1.0,-1.0,-0.09970674486803519,0.09970674486803519,0.0,0.0,0.0
1241,Blue,-1.0,-1.0,-0.09970674486803519,0.09970674486803519,0.0,0.0,0.0
1260,Blue,-1.0,-1.0,-0.09970674486803519,0.09970674486803519,0.0,0.0,0.0
1281,Blue,-1.0,-1.0,-0.09970674486803519,0.09970674486803519,0.0,0.0,0.0
1301,Blue,-1.0,-1.0,-0.09970674486803519,0.09970674486803519,0.0,0.0,0.0
1322,Blue,-1.0,-1.0,-0.09970674486803519,0.09970674486803519,0.0,0.0,0.0
1340,Blue,-1.0,-1.0,-0.09970674486803519,0.09970674486803519,0.0,0.0,0.0
1361,Blue,-1.0,-1.0,-0.09970674486803519,0.09970674486803519,0.0,0.0,0.0
1380,Blue,-1.0,-1.0,-0.09970674486803519,0.09970674486803519,0.0,0.0,0.0
1401,Blue,-1.0,-1.0,-0.09970674486803519,0.09970674486803519,0.0,0.0,0.0
1420,Blue,-1.0,-1.0,-0.09970674486803519,0.09970674486803519,0.0,0.0,0.0
1441,Blue,-1.0,-1.0,-0.09970674486803519,0.09970674486803519,0.0,0.0,0.0
1462,Blue,-1.0,-1.0,-0.09970674486803519,0.09970674486803519,0.0,0.0,0.0
1479,Blue,-1.0,-1.0,-0.09970674486803519,0.09970674486803519,0.0,0.0,0.0
1503,Blue,-1.0,-1.0,-0.09970674486803519,0.09970674486803519,0.0,0.0,0.0
1520,Blue,-1.0,-1.0,-0.09970674486803519,0.09970674486803519,0.0,0.0,0.0
1540,Blue,-1.0,-1.0,-0.09970674486803519,0.09970674486803519,0.0,0.0,0.0
1560,Blue,-1.0,-1.0,-0.09970674486803519,0.09970674486803519,0.0,0.0,0.0
1581,Blue,-1.0,-1.0,-0.09970674486803519,0.09970674486803519,0.0,0.0,0.0
1605,Blue,-1.0,-1.0,-0.09970674486803519,0.09970674486803519,0.0,0.0,0.0
1620,Blue,-1.0,-1.0,-0.09970674486803519,0.09970674486803519,0.0,0.0,0.0
1642,Blue,-1.0,-1.0,-0.09970674486803519,0.09970674486803519,0.0,0.0,0.0
1661,Blue,-1.0,-1.0,-0.09970674486803519,0.09970674486803519,0.0,0.0,0.0
1680,Blue,-1.0,-1.0,-0.09970674486803519,0.09970674486803519,0.0,0.0,0.0
1699,Blue,-1.0,-1.0,-0.09970674486803519,0.09970674486803519,0.0,0.0,0.0
1720,Blue,-1.0,-1.0,-0.09970674486803519,0.09970674486803519,0.0,0.0,0.0
1740,Blue,-1.0,-1.0,-0.09970674486803519,0.09970674486803519,0.0,0.0,0.0
1760,Blue,-1.0,-1.0,-0.09970674486803519,0.09970674486803519,0.0,0.0,0.0
1781,Blue,-1.0,-1.0,-0.09970674486803519,0.09970674486803519,0.0,0.0,0.0
1800,Blue,-1.0,-1.0,-0.09970674486803519,0.09970674486803519,0.0,0.0,0.0
1820,Blue,-1.0,-1.0,-0.09970674486803519,0.09970674486803519,0.0,0.0,0.0
1840,Blue,-1.0,-1.0,-0.09970674486803519,0.09970674486803519,0.0,0.0,0.0
1863,Blue,-1.0,-1.0,-0.09970674486803519,0.09970674486803519,0.0,0.0,0.0
1880,Blue,-1.0,-1.0,-0.09970674486803519,0.09970674486803519,0.0,0.0,0.0
1900,Blue,-1.0,-1.0,-0.09970674486803519,0.09970674486803519,0.0,0.0,0.0
1921,Blue,-1.0,-1.0,-0.09970674486803519,0.09970674486803519,0.0,0.0,0.0
1941,Blue,-1.0,-1.0,-0.09970674486803519,0.09970674486803519,0.0,0.0,0.0
1961,Blue,-1.0,-1.0,-0.09970674486803519,0.09970674486803519,0.0,0.0,0.0
1980,Blue,-1.0,-1.0,-0.09970674486803519,0.09970674486803519,0.0,0.0,0.0
2000,Blue,-1.0,-1.0,-0.09970674486803519,0.09970674486803519,0.0,0.0,0.0
2023,Blue,-1.0,-1.0,-0.09970674486803519,0.09970674486803519,0.0,0.0,0.0
2041,Blue,-1.0,-1.0,-0.09970674486803519,0.09970674486803519,0.0,0.0,0.0
2060,Blue,-1.0,-1.0,-0.09970674486803519,0.09970674486803519,0.0,0.0,0.0
2083,Blue,-1.0,-1.0,-0.09970674486803519,0.09970674486803519,0.0,0.0,0.0
2102,Blue,-1.0,-1.0,-0.09970674486803519,0.09970674486803519,0.0,0.0,0.0
2120,Blue,-1.0,-1.0,-0.09970674486803519,0.09970674486803519,0.0,0.0,0.0
2140,Blue,-1.0,-1.0,-0.09970674486803519,0.09970674486803519,0.0,0.0,0.0
2160,Blue,-1.0,-1.0,-0.09970674486803519,0.09970674486803519,0.0,0.0,0.0
2181,Blue,-0.984375,-1.0,-0.09970674486803519,0.09970674486803519,0.0,0.0,0.0
2201,Blue,-0.953125,-1.0,-0.09970674486803519,0.09970674486803519,0.0,0.0,0.0
2220,Blue,-0.9296875,-1.0,-0.09970674486803519,0.09970674486803519,0.0,0.0,0.0
2243,Blue,-0.90625,-1.0,-0.09970674486803519,0.09970674486803519,0.0,0.0,0.0
2261,Blue,-0.8671875,-1.0,-0.09970674486803519,0.09970674486803519,0.0,0.0,0.0
2282,Blue,-0.8046875,-1.0,-0.09970674486803519,0.09970674486803519,0.0,0.0,0.0
2300,Blue,-0.7734375,-1.0,-0.09970674486803519,0.09970674486803519,0.0,0.0,0.0
2320,Blue,-0.765625,-1.0,-0.09970674486803519,0.09970674486803519,0.0,0.0,0.0
2341,Blue,-0.71875,-1.0,-0.09970674486803519,0.09970674486803519,0.0,0.0,0.0
2361,Blue,-0.6328125,-1.0,-0.09970674486803519,0.09970674486803519,0.0,0.0,0.0
2379,Blue,-0.6015625,-1.0,-0.09970674486803519,0.09970674486803519,0.0,0.0,0.0
2400,Blue,-0.5546875,-1.0,-0.09970674486803519,0.09970674486803519,0.0,0.0,0.0
2421,Blue,-0.4765625,-1.0,-0.09970674486803519,0.09970674486803519,0.0,0.0,0.0
2442,Blue,-0.390625,-1.0,-0.09970674486803519,0.09970674486803519,0.0,0.0,0.0
2461,Blue,-0.3203125,-1.0,-0.09970674486803519,0.09970674486803519,0.0,0.0,0.0
2480,Blue,-0.234375,-1.0,-0.09970674486803519,0.09970674486803519,0.0,0.0,0.0
2500,Blue,-0.1953125,-1.0,-0.09970674486803519,0.09970674486803519,0.0,0.0,0.0
2520,Blue,-0.1484375,-1.0,-0.09970674486803519,0.09970674486803519,0.0,0.0,0.0
2540,Blue,-0.0859375,-1.0,-0.09970674486803519,0.09970674486803519,0.0,0.0,0.0
2560,Blue,-0.0625,-1.0,-0.09970674486803519,0.09970674486803519,0.0,0.0,0.0
2580,Blue,-0.046875,-1.0,-0.09970674486803519,0.09970674486803519,0.0,0.0,0.0
2601,Blue,-0.046875,-1.0,-0.09970674486803519,0.09970674486803519,0.0,0.0,0.0
2620,Blue,-0.0234375,-1.0,-0.09970674486803519,0.09970674486803519,0.0,0.0,0.0
2640,Blue,-0.0234375,-1.0,-0.09970674486803519,0.09970674486803519,0.0,0.0,0.0
2661,Blue,-0.0234375,-1.0,-0.09970674486803519,0.09970674486803519,0.0,0.0,0.0
2680,Blue,-0.0234375,-1.0,-0.09970674486803519,0.09970674486803519,0.0,0.0,0.0
2700,Blue,-0.0234375,-1.0,-0.09970674486803519,0.09970674486803519,0.0,0.0,0.0
2720,Blue,-0.0234375,-1.0,-0.09970674486803519,0.09970674486803519,0.0,0.0,0.0
2741,Blue,-0.0234375,-1.0,-0.09970674486803519,0.09970674486803519,0.0,0.0,0.0
2761,Blue,-0.0234375,-1.0,-0.09970674486803519,0.09970674486803519,0.0,0.0,0.0
2780,Blue,-0.0234375,-1.0,-0.09970674486803519,0.09970674486803519,0.0,0.0,0.0
2803,Blue,-0.0234375,-1.0,-0.09970674486803519,0.09970674486803519,0.0,0.0,0.0
2821,Blue,-0.03125,-1.0,-0.09970674486803519,0.09970674486803519,0.0,0.0,0.0
2840,Blue,-0.0234375,-1.0,-0.09970674486803519,0.09970674486803519,0.0,0.0,0.0
2862,Blue,-0.0234375,-1.0,-0.09970674486803519,0.09970674486803519,0.0,0.0,0.0
2883,Blue,-0.0234375,-1.0,-0.09970674486803519,0.09970674486803519,0.0,0.0,0.0
2901,Blue,-0.0234375,-1.0,-0.09970674486803519,0.09970674486803519,0.0,0.0,0.0
2920,Blue,-0.03125,-1.0,-0.09970674486803519,0.09970674486803519,0.0,0.0,0.0
2941,Blue,-0.0234375,-1.0,-0.09970674486803519,0.09970674486803519,0.0,0.0,0.0
2960,Blue,-0.0234375,-1.0,-0.09970674486803519,0.09970674486803519,0.0,0.0,0.0
2980,Blue,-0.0234375,-1.0,-0.09970674486803519,0.09970674486803519,0.0,0.0,0.0
3000,Blue,-0.0234375,-1.0,-0.09970674486803519,0.09970674486803519,0.0,0.0,0.0
3024,Blue,-0.0234375,-1.0,-0.09970674486803519,0.09970674486803519,0.0,0.0,0.0
3049,Blue,-0.0234375,-1.0,-0.09970674486803519,0.09970674486803519,0.0,0.0,0.0
3059,Blue,-0.0390625,-1.0,-0.09970674486803519,0.09970674486803519,0.0,0.0,0.0
3080,Blue,-0.0234375,-1.0,-0.09970674486803519,0.09970674486803519,0.0,0.0,0.0
3100,Blue,-0.0234375,-1.0,-0.09970674486803519,0.09970674486803519,0.0,0.0,0.0
3121,Blue,-0.0234375,-1.0,-0.09970674486803519,0.09970674486803519,0.0,0.0,0.0
3141,Blue,-0.0234375,-1.0,-0.09970674486803519,0.09970674486803519,0.0,0.0,0.0
3160,Blue,-0.0234375,-1.0,-0.09970674486803519,0.09970674486803519,0.0,0.0,0.0
3181,Blue,-0.0234375,-1.0,-0.09970674486803519,0.09970674486803519,0.0,0.0,0.0
3201,Blue,-0.0234375,-1.0,-0.09970674486803519,0.09970674486803519,0.0,0.0,0.0
3223,Blue,-0.0234375,-1.0,-0.09970674486803519,0.09970674486803519,0.0,0.0,0.0
3240,Blue,-0.0234375,-1.0,-0.09970674486803519,0.09970674486803519,0.0,0.0,0.0
3260,Blue,-0.0234375,-1.0,-0.09970674486803519,0.09970674486803519,0.0,0.0,0.0
3281,Blue,-0.0234375,-1.0,-0.09970674486803519,0.09970674486803519,0.0,0.0,0.0
3300,Blue,-0.0234375,-1.0,-0.09970674486803519,0.09970674486803519,0.0,0.0,0.0
3320,Blue,-0.0234375,-1.0,-0.09970674486803519,0.09970674486803519,0.0,0.0,0.0
3339,Blue,-0.0234375,-1.0,-0.09970674486803519,0.09970674486803519,0.0,0.0,0.0
3361,Blue,-0.046875,-1.0,-0.09970674486803519,0.09970674486803519,0.0,0.0,0.0
3381,Blue,-0.0625,-1.0,-0.09970674486803519,0.09970674486803519,0.0,0.0,0.0
3401,Blue,-0.0625,-1.0,-0.09970674486803519,0.09970674486803519,0.0,0.0,0.0
3420,Blue,-0.0625,-1.0,-0.09970674486803519,0.09970674486803519,0.0,0.0,0.0
3440,Blue,-0.0625,-1.0,-0.09970674486803519,0.09970674486803519,0.0,0.0,0.0
3460,Blue,-0.0625,-1.0,-0.09970674486803519,0.09970674486803519,0.0,0.0,0.0
3481,Blue,-0.0625,-1.0,-0.09970674486803519,0.09970674486803519,0.0,0.0,0.0
3500,Blue,-0.0625,-1.0,-0.09970674486803519,0.09970674486803519,0.0,0.0,0.0
3520,Blue,-0.0625,-1.0,-0.09970674486803519,0.09970674486803519,0.0,0.0,0.0
3540,Blue,-0.0625,-1.0,-0.09970674486803519,0.09970674486803519,0.0,0.0,0.0
3560,Blue,-0.0625,-1.0,-0.09970674486803519,0.09970674486803519,0.0,0.0,0.0
3579,Blue,-0.0625,-1.0,-0.09970674486803519,0.09970674486803519,0.0,0.0,0.0
3600,Blue,-0.0625,-1.0,-0.09970674486803519,0.09970674486803519,0.0,0.0,0.0
3620,Blue,-0.0625,-0.984375,-0.09970674486803519,0.09970674486803519,0.0,0.0,0.0
3641,Blue,-0.0625,-0.8515625,-0.09970674486803519,0.09970674486803519,0.0,0.0,0.0
3662,Blue,-0.0234375,-0.5703125,-0.09970674486803519,0.09970674486803519,0.0,0.0,0.0
3680,Blue,-0.0078125,-0.3515625,-0.09970674486803519,0.09970674486803519,0.0,0.0,0.0
3700,Blue,-0.0078125,-0.0078125,-0.09970674486803519,0.09970674486803519,0.0,0.0,0.0
3720,Blue,-0.0078125,0.023622047156095505,-0.09970674486803519,0.09970674486803519,0.0,0.0,0.0
3740,Blue,-0.0078125,0.031496062874794006,-0.09970674486803519,0.09970674486803519,0.0,0.0,0.0
3761,Blue,0.0,0.0,-0.09970674486803519,0.09970674486803519,0.0,0.0,0.0
3780,Blue,0.0,0.0,-0.09970674486803519,0.09970674486803519,0.0,0.0,0.0
3800,Blue,0.0,0.0,-0.09970674486803519,0.09970674486803519,0.0,0.0,0.0
3821,Blue,0.0,0.04724409431219101,-0.09970674486803519,0.09970674486803519,0.0,0.0,0.0
3841,Blue,0.031496062874794006,0.04724409431219101,-0.09970674486803519,0.09970674486803519,0.0,0.0,0.0
3861,Blue,0.07874015718698502,0.09448818862438202,-0.09970674486803519,0.09970674486803519,0.0,0.0,0.0
3879,Blue,0.09448818862438202,0.12598425149917603,-0.09970674486803519,0.09970674486803519,0.0,0.0,0.0
3904,Blue,0.11811023950576782,0.21259842813014984,-0.09970674486803519,0.09970674486803519,0.0,0.0,0.0
3920,Blue,0.16535432636737823,0.25196850299835205,-0.09970674486803519,0.09970674486803519,0.0,0.0,0.0
3939,Blue,0.16535432636737823,0.30708661675453186,-0.09970674486803519,0.09970674486803519,0.0,0.0,0.0
3960,Blue,0.19685038924217224,0.35433071851730347,-0.09970674486803519,0.09970674486803519,0.0,0.0,0.0
3981,Blue,0.20472441613674164,0.4094488322734833,-0.09970674486803519,0.09970674486803519,0.0,0.0,0.0
4000,Blue,0.23622047901153564,0.4094488322734833,-0.09970674486803519,0.09970674486803519,0.0,0.0,0.0
4021,Blue,0.23622047901153564,0.4094488322734833,-0.09970674486803519,0.09970674486803519,0.0,0.0,0.0
4040,Blue,0.24409449100494385,0.4094488322734833,-0.09970674486803519,0.09970674486803519,0.0,0.0,0.0
4061,Blue,0.29133859276771545,0.4094488322734833,-0.09970674486803519,0.09970674486803519,0.0,0.0,0.0
4079,Blue,0.32283464074134827,0.4251968562602997,-0.09970674486803519,0.09970674486803519,0.0,0.0,0.0
4100,Blue,0.35433071851730347,0.4251968562602997,-0.09970674486803519,0.09970674486803519,0.0,0.0,0.0
4126,Blue,0.3858267664909363,0.4409448802471161,-0.09970674486803519,0.09970674486803519,0.0,0.0,0.0
4142,Blue,0.4409448802471161,0.4724409580230713,-0.09970674486803519,0.09970674486803519,0.0,0.0,0.0
4160,Blue,0.4409448802471161,0.4724409580230713,-0.09970674486803519,0.09970674486803519,0.0,0.0,0.0
4181,Blue,0.4960629940032959,0.5039370059967041,-0.09970674486803519,0.09970674486803519,0.0,0.0,0.0
4200,Blue,0.5511810779571533,0.5196850299835205,-0.09970674486803519,0.09970674486803519,0.0,0.0,0.0
4220,Blue,0.5905511975288391,0.5511810779571533,-0.09970674486803519,0.09970674486803519,0.0,0.0,0.0
4242,Blue,0.6535432934761047,0.5511810779571533,-0.09970674486803519,0.09970674486803519,0.0,0.0,0.0
4261,Blue,0.6850393414497375,0.5511810779571533,-0.09970674486803519,0.09970674486803519,0.0,0.0,0.0
4280,Blue,0.7244094610214233,0.5511810779571533,-0.09970674486803519,0.09970674486803519,0.0,0.0,0.0
4300,Blue,0.7559055089950562,0.5511810779571533,-0.09970674486803519,0.09970674486803519,-0.8993157380254154,0.0,0.0
4320,Blue,0.7795275449752808,0.5039370059967041,-0.09970674486803519,0.09970674486803519,-0.8993157380254154,0.0,0.0
4340,Blue,0.7952755689620972,0.4881889820098877,-0.09970674486803519,0.09970674486803519,-0.8993157380254154,0.0,0.0
4359,Blue,0.7952755689620972,0.4881889820098877,-0.09970674486803519,0.09970674486803519,-0.8993157380254154,0.0,0.0
4382,Blue,0.7952755689620972,0.4881889820098877,-0.09970674486803519,0.09970674486803519,-0.8993157380254154,0.0,0.0
4400,Blue,0.8267716765403748,0.4881889820098877,-0.09970674486803519,0.09970674486803519,-0.8993157380254154,0.0,0.0
4421,Blue,0.8503937125205994,0.4881889820098877,-0.09970674486803519,0.09970674486803519,-0.8993157380254154,0.0,0.0
4442,Blue,0.874015748500824,0.4881889820098877,-0.09970674486803519,0.09970674486803519,-0.8993157380254154,0.0,0.0
4461,Blue,0.9055117964744568,0.4881889820098877,-0.09970674486803519,0.09970674486803519,-0.8993157380254154,0.0,0.0
4480,Blue,0.9212598204612732,0.4724409580230713,-0.09970674486803519,0.09970674486803519,-0.8993157380254154,0.0,0.0
4500,Blue,0.960629940032959,0.4724409580230713,-0.09970674486803519,0.09970674486803519,-0.8993157380254154,0.0,0.0
4520,Blue,0.9763779640197754,0.4488188922405243,-0.09970674486803519,0.09970674486803519,-0.8993157380254154,0.0,0.0
4540,Blue,0.9763779640197754,0.4173228442668915,-0.09970674486803519,0.09970674486803519,-0.8993157380254154,0.0,0.0
4560,Blue,1.0,0.3700787425041199,-0.09970674486803519,0.09970674486803519,-0.8993157380254154,0.0,0.0
4581,Blue,1.0,0.32283464074134827,-0.09970674486803519,0.09970674486803519,-0.8993157380254154,0.0,0.0
4600,Blue,1.0,0.27559053897857666,-0.09970674486803519,0.09970674486803519,-0.8993157380254154,0.0,0.0
4620,Blue,1.0,0.24409449100494385,-0.09970674486803519,0.09970674486803519,-0.8993157380254154,0.0,0.0
4640,Blue,1.0,0.18110236525535583,-0.09970674486803519,0.09970674486803519,-0.8993157380254154,0.0,0.0
4661,Blue,1.0,0.15748031437397003,-0.09970674486803519,0.09970674486803519,-0.8993157380254154,0.0,0.0
4679,Blue,1.0,0.14173229038715363,-0.09970674486803519,0.09970674486803519,-0.8993157380254154,0.0,0.0
4700,Blue,1.0,0.11811023950576782,-0.09970674486803519,0.09970674486803519,-0.8993157380254154,0.0,0.0
4720,Blue,1.0,0.11023622006177902,-0.09970674486803519,0.09970674486803519,-0.8993157380254154,0.0,0.0
4740,Blue,0.9842519760131836,0.09448818862438202,-0.09970674486803519,0.09970674486803519,-0.8993157380254154,0.0,0.0
4760,Blue,0.9291338324546814,0.07874015718698502,-0.09970674486803519,0.09970674486803519,-0.8993157380254154,0.0,0.0
4780,Blue,0.8031495809555054,0.06299212574958801,-0.09970674486803519,0.09970674486803519,-0.8993157380254154,0.0,0.0
4800,Blue,0.7007874250411987,0.0,-0.09970674486803519,0.09970674486803519,-0.8993157380254154,0.0,0.0
4819,Blue,0.4724409580230713,0.0,-0.09970674486803519,0.09970674486803519,-0.8993157380254154,0.0,0.0
4841,Blue,0.31496062874794006,-0.0078125,-0.09970674486803519,0.09970674486803519,-0.8993157380254154,0.0,0.0
4867,Blue,0.08661417663097382,-0.0546875,-0.09970674486803519,0.09970674486803519,-0.8993157380254154,0.0,0.0
4894,Blue,0.0,-0.109375,-0.09970674486803519,0.09970674486803519,-0.8993157380254154,0.0,0.0
4926,Blue,-0.046875,-0.1171875,-0.09970674486803519,0.09970674486803519,-0.8993157380254154,0.0,0.0
4967,Blue,-0.1640625,-0.1640625,-0.09970674486803519,0.09970674486803519,-0.8993157380254154,0.0,0.0
4986,Blue,-0.2109375,-0.1953125,-0.09970674486803519,0.09970674486803519,-0.8993157380254154,0.0,0.0
5001,Blue,-0.34375,-0.2890625,-0.09970674486803519,0.09970674486803519,-0.8993157380254154,0.0,0.0
5020,Blue,-0.375,-0.34375,-0.09970674486803519,0.09970674486803519,-0.8993157380254154,0.0,0.0
5040,Blue,-0.40625,-0.3828125,-0.09970674486803519,0.09970674486803519,-0.8993157380254154,0.0,0.0
5060,Blue,-0.453125,-0.3984375,-0.09970674486803519,0.09970674486803519,-0.8993157380254154,0.0,0.0
5080,Blue,-0.4921875,-0.46875,-0.09970674486803519,0.09970674486803519,-0.8993157380254154,0.0,0.0
5100,Blue,-0.53125,-0.5,-0.09970674486803519,0.09970674486803519,-0.8993157380254154,0.0,0.0
5121,Blue,-0.5625,-0.53125,-0.09970674486803519,0.09970674486803519,-0.8993157380254154,0.0,0.0
5141,Blue,-0.5859375,-0.5546875,-0.09970674486803519,0.09970674486803519,-0.8993157380254154,0.0,0.0
5160,Blue,-0.6015625,-0.5703125,-0.09970674486803519,0.09970674486803519,-0.8993157380254154,0.0,0.0
5180,Blue,-0.609375,-0.59375,-0.09970674486803519,0.09970674486803519,-0.8993157380254154,0.0,0.0
5200,Blue,-0.6171875,-0.6171875,-0.09970674486803519,0.09970674486803519,-0.8993157380254154,0.0,0.0
5220,Blue,-0.625,-0.6875,-0.09970674486803519,0.09970674486803519,-0.8993157380254154,0.0,0.0
5241,Blue,-0.6328125,-0.6875,-0.09970674486803519,0.09970674486803519,-0.8993157380254154,0.0,0.0
5260,Blue,-0.6328125,-0.703125,-0.09970674486803519,0.09970674486803519,-0.8993157380254154,0.0,0.0
5281,Blue,-0.6328125,-0.703125,-0.09970674486803519,0.09970674486803519,-0.8993157380254154,0.0,0.0
5301,Blue,-0.6328125,-0.71875,-0.09970674486803519,0.09970674486803519,-0.8993157380254154,0.0,0.0
5321,Blue,-0.6328125,-0.71875,-0.09970674486803519,0.09970674486803519,-0.8993157380254154,0.0,0.0
5341,Blue,-0.6328125,-0.7421875,-0.09970674486803519,0.09970674486803519,-0.8993157380254154,0.0,0.0
5360,Blue,-0.6328125,-0.7578125,-0.09970674486803519,0.09970674486803519,-0.8993157380254154,0.0,0.0
5381,Blue,-0.6328125,-0.78125,-0.09970674486803519,0.09970674486803519,-0.8993157380254154,0.0,0.0
5400,Blue,-0.6328125,-0.796875,-0.09970674486803519,0.09970674486803519,-0.8993157380254154,0.0,0.0
5421,Blue,-0.6328125,-0.8125,-0.09970674486803519,0.09970674486803519,-0.8993157380254154,0.0,0.0
5441,Blue,-0.6328125,-0.8359375,-0.09970674486803519,0.09970674486803519,-0.8993157380254154,0.0,0.0
5461,Blue,-0.6328125,-0.875,-0.09970674486803519,0.09970674486803519,-0.8993157380254154,0.0,0.0
5480,Blue,-0.6328125,-0.890625,-0.09970674486803519,0.09970674486803519,-0.8993157380254154,0.0,0.0
5500,Blue,-0.59375,-0.90625,-0.09970674486803519,0.09970674486803519,-0.8993157380254154,0.0,0.0
5520,Blue,-0.5546875,-0.9140625,-0.09970674486803519,0.09970674486803519,-0.8993157380254154,0.0,0.0
5541,Blue,-0.5078125,-0.9296875,-0.09970674486803519,0.09970674486803519,-0.8993157380254154,0.0,0.0
5560,Blue,-0.4453125,-0.9296875,-0.09970674486803519,0.09970674486803519,-0.8993157380254154,0.0,0.0
5581,Blue,-0.4296875,-0.9453125,-0.09970674486803519,0.09970674486803519,-0.8993157380254154,0.0,0.0
5600,Blue,-0.4140625,-0.96875,-0.09970674486803519,0.09970674486803519,-0.8993157380254154,0.0,0.0
5620,Blue,-0.4140625,-0.96875,-0.09970674486803519,0.09970674486803519,-0.8993157380254154,0.0,0.0
5642,Blue,-0.3984375,-0.96875,-0.09970674486803519,0.09970674486803519,-0.8993157380254154,0.0,0.0
5662,Blue,-0.3984375,-0.984375,-0.09970674486803519,0.09970674486803519,-0.8993157380254154,0.0,0.0
5681,Blue,-0.3984375,-0.984375,-0.09970674486803519,0.09970674486803519,-0.8993157380254154,0.0,0.0
5701,Blue,-0.3984375,-1.0,-0.09970674486803519,0.09970674486803519,-0.8993157380254154,0.0,0.0
5721,Blue,-0.3984375,-1.0,-0.09970674486803519,0.09970674486803519,-0.8993157380254154,0.0,0.0
5745,Blue,-0.3984375,-1.0,-0.09970674486803519,0.09970674486803519,-0.8993157380254154,0.0,0.0
5761,Blue,-0.3984375,-1.0,-0.09970674486803519,0.09970674486803519,-0.8993157380254154,0.0,0.0
5779,Blue,-0.3984375,-1.0,-0.09970674486803519,0.09970674486803519,-0.8993157380254154,0.0,0.0
5800,Blue,-0.3984375,-1.0,-0.09970674486803519,0.09970674486803519,-0.8993157380254154,0.0,0.0
5820,Blue,-0.3984375,-1.0,-0.09970674486803519,0.09970674486803519,-0.8993157380254154,0.0,0.0
5845,Blue,-0.3984375,-1.0,-0.09970674486803519,0.09970674486803519,-0.8993157380254154,0.0,0.0
5862,Blue,-0.3984375,-1.0,-0.09970674486803519,0.09970674486803519,-0.8993157380254154,0.0,0.0
5881,Blue,-0.3984375,-1.0,-0.09970674486803519,0.09970674486803519,-0.8993157380254154,0.0,0.0
5900,Blue,-0.3984375,-1.0,-0.09970674486803519,0.09970674486803519,-0.8993157380254154,0.0,0.0
5921,Blue,-0.3984375,-1.0,-0.09970674486803519,0.09970674486803519,-0.8993157380254154,0.0,0.0
5940,Blue,-0.3984375,-1.0,-0.09970674486803519,0.09970674486803519,-0.8993157380254154,0.0,0.0
5961,Blue,-0.3984375,-1.0,-0.09970674486803519,0.09970674486803519,-0.8993157380254154,0.0,0.0
5979,Blue,-0.3984375,-1.0,-0.09970674486803519,0.09970674486803519,-0.8993157380254154,0.0,0.0
6001,Blue,-0.4140625,-1.0,-0.09970674486803519,0.09970674486803519,-0.8993157380254154,0.0,0.0
6021,Blue,-0.4453125,-1.0,-0.09970674486803519,0.09970674486803519,-0.8993157380254154,0.0,0.0
6041,Blue,-0.4765625,-1.0,-0.09970674486803519,0.09970674486803519,-0.8993157380254154,0.0,0.0
6061,Blue,-0.5078125,-1.0,-0.09970674486803519,0.09970674486803519,-0.8993157380254154,0.0,0.0
6080,Blue,-0.5703125,-1.0,-0.09970674486803519,0.09970674486803519,-0.8993157380254154,0.0,0.0
6100,Blue,-0.59375,-1.0,-0.09970674486803519,0.09970674486803519,-0.8993157380254154,0.0,0.0
6120,Blue,-0.6484375,-0.9609375,-0.09970674486803519,0.09970674486803519,-0.8993157380254154,0.0,0.0
6140,Blue,-0.6796875,-0.9453125,-0.09970674486803519,0.09970674486803519,-0.8993157380254154,0.0,0.0
6161,Blue,-0.7109375,-0.9453125,-0.09970674486803519,0.09970674486803519,-0.8993157380254154,0.0,0.0
6180,Blue,-0.734375,-0.9296875,-0.09970674486803519,0.09970674486803519,-0.8993157380254154,0.0,0.0
6200,Blue,-0.75,-0.9296875,-0.09970674486803519,0.09970674486803519,-0.8993157380254154,0.0,0.0
6220,Blue,-0.75,-0.9296875,-0.09970674486803519,0.09970674486803519,-0.8993157380254154,0.0,0.0
6241,Blue,-0.7734375,-0.90625,-0.09970674486803519,0.09970674486803519,-0.8993157380254154,0.0,0.0
6261,Blue,-0.8046875,-0.90625,-0.09970674486803519,0.09970674486803519,-0.8993157380254154,0.0,0.0
6280,Blue,-0.84375,-0.90625,-0.09970674486803519,0.09970674486803519,-0.8993157380254154,0.0,0.0
6301,Blue,-0.8515625,-0.90625,-0.09970674486803519,0.09970674486803519,-0.8993157380254154,0.0,0.0
6320,Blue,-0.8671875,-0.90625,-0.09970674486803519,0.09970674486803519,-0.8993157380254154,0.0,0.0
6341,Blue,-0.875,-0.90625,-0.09970674486803519,0.09970674486803519,-0.8993157380254154,0.0,0.0
6361,Blue,-0.8828125,-0.90625,-0.09970674486803519,0.09970674486803519,-0.8993157380254154,0.0,0.0
6381,Blue,-0.90625,-0.90625,-0.09970674486803519,0.09970674486803519,-0.8993157380254154,0.0,0.0
6400,Blue,-0.921875,-0.90625,-0.09970674486803519,0.09970674486803519,-0.8993157380254154,0.0,0.0
6420,Blue,-0.9375,-0.90625,-0.09970674486803519,0.09970674486803519,-0.8993157380254154,0.0,0.0
6443,Blue,-0.953125,-0.890625,-0.09970674486803519,0.09970674486803519,-0.8993157380254154,0.0,0.0
6461,Blue,-0.953125,-0.890625,-0.09970674486803519,0.09970674486803519,-0.8993157380254154,0.0,0.0
6481,Blue,-0.9609375,-0.890625,-0.09970674486803519,0.09970674486803519,-0.8993157380254154,0.0,0.0
6500,Blue,-0.96875,-0.890625,-0.09970674486803519,0.09970674486803519,-0.8993157380254154,0.0,0.0
6521,Blue,-0.96875,-0.890625,-0.09970674486803519,0.09970674486803519,-0.8993157380254154,0.0,0.0
6540,Blue,-0.984375,-0.890625,-0.09970674486803519,0.09970674486803519,-0.8993157380254154,0.0,0.0
6565,Blue,-1.0,-0.890625,-0.09970674486803519,0.09970674486803519,-0.8993157380254154,0.0,0.0
6581,Blue,-1.0,-0.890625,-0.09970674486803519,0.09970674486803519,-0.8993157380254154,0.0,0.0
6600,Blue,-1.0,-0.890625,-0.09970674486803519,0.09970674486803519,-0.8993157380254154,0.0,0.0
6621,Blue,-1.0,-0.890625,-0.09970674486803519,0.09970674486803519,-0.8993157380254154,0.0,0.0
6641,Blue,-1.0,-0.890625,-0.09970674486803519,0.09970674486803519,-0.8993157380254154,0.0,0.0
6662,Blue,-1.0,-0.890625,-0.09970674486803519,0.09970674486803519,-0.8993157380254154,0.0,0.0
6681,Blue,-1.0,-0.890625,-0.09970674486803519,0.09970674486803519,-0.8993157380254154,0.0,0.0
6700,Blue,-1.0,-0.890625,-0.09970674486803519,0.09970674486803519,-0.8993157380254154,0.0,0.0
6721,Blue,-1.0,-0.890625,-0.09970674486803519,0.09970674486803519,-0.8993157380254154,0.0,0.0
6741,Blue,-0.9609375,-0.890625,-0.09970674486803519,0.09970674486803519,-0.8993157380254154,0.0,0.0
6760,Blue,-0.953125,-0.890625,-0.09970674486803519,0.09970674486803519,-0.8993157380254154,0.0,0.0
6780,Blue,-0.9375,-0.890625,-0.09970674486803519,0.09970674486803519,-0.8993157380254154,0.0,0.0
6800,Blue,-0.921875,-0.890625,-0.09970674486803519,0.09970674486803519,-0.8993157380254154,0.0,0.0
6821,Blue,-0.8984375,-0.890625,-0.09970674486803519,0.09970674486803519,-0.8993157380254154,0.0,0.0
6845,Blue,-0.8828125,-0.890625,-0.09970674486803519,0.09970674486803519,-0.8993157380254154,0.0,0.0
6861,Blue,-0.8671875,-0.890625,-0.09970674486803519,0.09970674486803519,-0.8993157380254154,0.0,0.0
6882,Blue,-0.859375,-0.90625,-0.09970674486803519,0.09970674486803519,-0.8993157380254154,0.0,0.0
6900,Blue,-0.8203125,-0.9296875,-0.09970674486803519,0.09970674486803519,-0.8993157380254154,0.0,0.0
6920,Blue,-0.78125,-0.953125,-0.09970674486803519,0.09970674486803519,-0.8993157380254154,0.0,0.0
6940,Blue,-0.75,-0.96875,-0.09970674486803519,0.09970674486803519,-0.8993157380254154,0.0,0.0
6960,Blue,-0.671875,-0.984375,-0.09970674486803519,0.09970674486803519,-0.8993157380254154,0.0,0.0
6981,Blue,-0.59375,-1.0,-0.09970674486803519,0.09970674486803519,-0.8993157380254154,0.0,0.0
7000,Blue,-0.453125,-1.0,-0.09970674486803519,0.09970674486803519,-0.8993157380254154,0.0,0.0
7020,Blue,-0.375,-1.0,-0.09970674486803519,0.09970674486803519,-0.8993157380254154,0.0,0.0
7041,Blue,-0.25,-1.0,-0.09970674486803519,0.09970674486803519,-0.8993157380254154,0.0,0.0
7061,Blue,-0.171875,-1.0,-0.09970674486803519,0.09970674486803519,-0.8993157380254154,0.0,0.0
7081,Blue,-0.0625,-1.0,-0.09970674486803519,0.09970674486803519,-0.8993157380254154,0.0,0.0
7101,Blue,-0.015625,-1.0,-0.09970674486803519,0.09970674486803519,-0.8993157380254154,0.0,0.0
7120,Blue,-0.0078125,-1.0,-0.09970674486803519,0.09970674486803519,-0.8993157380254154,0.0,0.0
7141,Blue,0.0,-1.0,-0.09970674486803519,0.09970674486803519,-0.8993157380254154,0.0,0.0
7161,Blue,0.0,-1.0,-0.09970674486803519,0.09970674486803519,-0.8993157380254154,0.0,0.0
7181,Blue,0.0,-1.0,-0.09970674486803519,0.09970674486803519,-0.8993157380254154,0.0,0.0
7200,Blue,-0.0078125,-0.953125,-0.09970674486803519,0.09970674486803519,-0.8993157380254154,0.0,0.0
7221,Blue,-0.0546875,-0.84375,-0.09970674486803519,0.09970674486803519,-0.8993157380254154,0.0,0.0
7242,Blue,-0.1484375,-0.71875,-0.09970674486803519,0.09970674486803519,-0.8993157380254154,0.0,0.0
7261,Blue,-0.2109375,-0.5546875,-0.09970674486803519,0.09970674486803519,-0.8993157380254154,0.0,0.0
7279,Blue,-0.328125,-0.3984375,-0.09970674486803519,0.09970674486803519,-0.8993157380254154,0.0,0.0
7301,Blue,-0.421875,-0.09375,-0.09970674486803519,0.09970674486803519,-0.8993157380254154,0.0,0.0
7322,Blue,-0.5859375,0.0,-0.09970674486803519,0.09970674486803519,-0.8993157380254154,0.0,0.0
7343,Blue,-0.6484375,0.06299212574958801,-0.09970674486803519,0.09970674486803519,-0.8993157380254154,0.0,0.0
7361,Blue,-0.75,0.09448818862438202,-0.09970674486803519,0.09970674486803519,-0.8993157380254154,0.0,0.0
7382,Blue,-0.828125,0.18897637724876404,-0.09970674486803519,0.09970674486803519,-0.8993157380254154,0.0,0.0
7401,Blue,-0.90625,0.25984251499176025,-0.09970674486803519,0.09970674486803519,-0.8993157380254154,0.0,0.0
7421,Blue,-0.9609375,0.3858267664909363,-0.09970674486803519,0.09970674486803519,-0.8993157380254154,0.0,0.0
7440,Blue,-1.0,0.4251968562602997,-0.09970674486803519,0.09970674486803519,-0.8993157380254154,0.0,0.0
7460,Blue,-1.0,0.4724409580230713,-0.09970674486803519,0.09970674486803519,-0.8993157380254154,0.0,0.0
7481,Blue,-1.0,0.5039370059967041,-0.09970674486803519,0.09970674486803519,-0.8993157380254154,0.0,0.0
7500,Blue,-1.0,0.5669291615486145,-0.09970674486803519,0.09970674486803519,-0.8993157380254154,0.0,0.0
7520,Blue,-1.0,0.5905511975288391,-0.09970674486803519,0.09970674486803519,-0.8993157380254154,0.0,0.0
7541,Blue,-1.0,0.6535432934761047,-0.09970674486803519,0.09970674486803519,-0.8993157380254154,0.0,0.0
7561,Blue,-1.0,0.7165354490280151,-0.09970674486803519,0.09970674486803519,-0.8993157380254154,0.0,0.0
7583,Blue,-1.0,0.7244094610214233,-0.09970674486803519,0.09970674486803519,-0.8993157380254154,0.0,0.0
7600,Blue,-1.0,0.7401574850082397,-0.09970674486803519,0.09970674486803519,-0.8993157380254154,0.0,0.0
7622,Blue,-1.0,0.7401574850082397,-0.09970674486803519,0.09970674486803519,-0.8993157380254154,0.0,0.0
7645,Blue,-1.0,0.7401574850082397,-0.09970674486803519,0.09970674486803519,-0.8993157380254154,0.0,0.0
7666,Blue,-1.0,0.7401574850082397,-0.09970674486803519,0.09970674486803519,-0.8993157380254154,0.0,0.0
7680,Blue,-1.0,0.7401574850082397,-0.09970674486803519,0.09970674486803519,-0.8993157380254154,0.0,0.0
7700,Blue,-1.0,0.7401574850082397,-0.09970674486803519,0.09970674486803519,-0.8993157380254154,0.0,0.0
7720,Blue,-1.0,0.6692913174629211,-0.09970674486803519,0.09970674486803519,-0.8993157380254154,0.0,0.0
7741,Blue,-1.0,0.6062992215156555,-0.09970674486803519,0.09970674486803519,-0.8993157380254154,0.0,0.0
7760,Blue,-1.0,0.4566929042339325,-0.09970674486803519,0.09970674486803519,-0.8993157380254154,0.0,0.0
7782,Blue,-1.0,0.11023622006177902,-0.09970674486803519,0.09970674486803519,-0.8993157380254154,0.0,0.0
7799,Blue,-1.0,0.0,-0.09970674486803519,0.09970674486803519,-0.8993157380254154,0.0,0.0
7821,Blue,-1.0,-0.0234375,-0.09970674486803519,0.09970674486803519,-0.8993157380254154,0.0,0.0
7840,Blue,-1.0,-0.0234375,-0.09970674486803519,0.09970674486803519,-0.8993157380254154,0.0,0.0
7861,Blue,-1.0,0.0,-0.09970674486803519,0.09970674486803519,-0.8993157380254154,0.0,0.0
7881,Blue,-1.0,0.0,-0.09970674486803519,0.09970674486803519,-0.8993157380254154,0.0,0.0
7901,Blue,-1.0,0.0,-0.09970674486803519,0.09970674486803519,-0.8993157380254154,0.0,0.0
7921,Blue,-1.0,0.0,-0.09970674486803519,0.09970674486803519,-0.8993157380254154,0.0,0.0
7942,Blue,-1.0,0.0,-0.09970674486803519,0.09970674486803519,-0.8993157380254154,0.0,0.0
7960,Blue,-1.0,0.0,-0.09970674486803519,0.09970674486803519,-0.8993157380254154,0.0,0.0
7982,Blue,-1.0,0.0,-0.09970674486803519,0.09970674486803519,0.0,0.0,0.0
8000,Blue,-0.953125,0.0,-0.09970674486803519,0.09970674486803519,0.0,0.0,0.0
8020,Blue,-0.7734375,0.0,-0.09970674486803519,0.09970674486803519,0.0,0.0,0.0
8041,Blue,-0.5703125,0.0,-0.09970674486803519,0.09970674486803519,0.0,0.0,0.0
8060,Blue,-0.3828125,0.0,-0.09970674486803519,0.09970674486803519,0.0,0.0,0.0
8080,Blue,-0.15625,0.0,-0.09970674486803519,0.09970674486803519,0.0,0.0,0.0
8100,Blue,-0.0078125,0.0,-0.09970674486803519,0.09970674486803519,0.0,0.0,0.0
8120,Blue,0.0,0.0,-0.09970674486803519,0.09970674486803519,0.0,0.0,0.0
8140,Blue,0.0,0.0,-0.09970674486803519,0.09970674486803519,0.0,0.0,0.0
8161,Blue,0.0,0.0,-0.09970674486803519,0.09970674486803519,0.0,0.0,0.0
8181,Blue,0.0,0.0,-0.09970674486803519,0.09970674486803519,0.0,0.0,0.0
8200,Blue,0.0,0.0,-0.09970674486803519,0.09970674486803519,0.0,0.0,0.8494623655913979
8220,Blue,0.0,0.0,-0.09970674486803519,0.09970674486803519,0.0,0.0,0.8494623655913979
8241,Blue,0.0,0.0,-0.09970674486803519,0.09970674486803519,0.0,0.0,0.8494623655913979
8261,Blue,0.0,0.0,-0.09970674486803519,0.09970674486803519,0.0,0.0,0.8494623655913979
8280,Blue,0.007874015718698502,0.0,-0.09970674486803519,0.09970674486803519,0.0,0.0,0.8494623655913979
8300,Blue,0.007874015718698502,0.0,-0.09970674486803519,0.09970674486803519,0.0,0.0,0.8494623655913979
8322,Blue,0.023622047156095505,0.015748031437397003,-0.09970674486803519,0.09970674486803519,0.0,0.0,0.8494623655913979
8340,Blue,0.07874015718698502,0.015748031437397003,-0.09970674486803519,0.09970674486803519,0.0,0.0,0.8494623655913979
8360,Blue,0.09448818862438202,0.015748031437397003,-0.09970674486803519,0.09970674486803519,0.0,0.0,0.8494623655913979
8381,Blue,0.11023622006177902,0.015748031437397003,-0.09970674486803519,0.09970674486803519,0.0,0.0,0.8494623655913979
8400,Blue,0.13385826349258423,0.015748031437397003,-0.09970674486803519,0.09970674486803519,0.0,0.0,0.8494623655913979
8421,Blue,0.19685038924217224,0.015748031437397003,-0.09970674486803519,0.09970674486803519,0.0,0.0,0.8494623655913979
8444,Blue,0.25196850299835205,0.031496062874794006,-0.09970674486803519,0.09970674486803519,0.0,0.0,0.8494623655913979
8460,Blue,0.3700787425041199,0.031496062874794006,-0.09970674486803519,0.09970674486803519,0.0,0.0,0.8494623655913979
8481,Blue,0.4330708682537079,0.031496062874794006,-0.09970674486803519,0.09970674486803519,0.0,0.0,0.8494623655913979
8500,Blue,0.5433070659637451,0.031496062874794006,-0.09970674486803519,0.09970674486803519,0.0,0.0,0.8494623655913979
8521,Blue,0.6141732335090637,0.031496062874794006,-0.09970674486803519,0.09970674486803519,0.0,0.0,0.8494623655913979
8541,Blue,0.7086614370346069,0.031496062874794006,-0.09970674486803519,0.09970674486803519,0.0,0.0,0.8494623655913979
8560,Blue,0.7401574850082397,0.031496062874794006,-0.09970674486803519,0.09970674486803519,0.0,0.0,0.8494623655913979
8580,Blue,0.834645688533783,0.031496062874794006,-0.09970674486803519,0.09970674486803519,0.0,0.0,0.8494623655913979
8601,Blue,0.874015748500824,0.031496062874794006,-0.09970674486803519,0.09970674486803519,0.0,0.0,0.8494623655913979
8621,Blue,0.9055117964744568,0.031496062874794006,-0.09970674486803519,0.09970674486803519,0.0,0.0,0.8494623655913979
8640,Blue,0.9212598204612732,0.031496062874794006,-0.09970674486803519,0.09970674486803519,0.0,0.0,0.8494623655913979
8662,Blue,0.9212598204612732,0.031496062874794006,-0.09970674486803519,0.09970674486803519,0.0,0.0,0.8494623655913979
8680,Blue,0.9212598204612732,0.031496062874794006,-0.09970674486803519,0.09970674486803519,0.0,0.0,0.8494623655913979
8700,Blue,0.9212598204612732,0.031496062874794006,-0.09970674486803519,0.09970674486803519,0.0,0.0,0.8494623655913979
8721,Blue,0.9212598204612732,0.031496062874794006,-0.09970674486803519,0.09970674486803519,0.0,0.0,0.8494623655913979
8741,Blue,0.8188976645469666,0.031496062874794006,-0.09970674486803519,0.09970674486803519,0.0,0.0,0.8494623655913979
8760,Blue,0.6299212574958801,0.031496062874794006,-0.09970674486803519,0.09970674486803519,0.0,0.0,0.8494623655913979
8780,Blue,0.4173228442668915,0.031496062874794006,-0.09970674486803519,0.09970674486803519,0.0,0.0,0.8494623655913979
8800,Blue,0.18897637724876404,0.031496062874794006,-0.09970674486803519,0.09970674486803519,0.0,0.0,0.8494623655913979
8821,Blue,0.0,0.031496062874794006,-0.09970674486803519,0.09970674486803519,0.0,0.0,0.8494623655913979
8840,Blue,-0.0078125,0.031496062874794006,-0.09970674486803519,0.09970674486803519,0.0,0.0,0.8494623655913979
8860,Blue,-0.0078125,0.031496062874794006,-0.09970674486803519,0.09970674486803519,0.0,0.0,0.8494623655913979
8880,Blue,-0.0078125,0.031496062874794006,-0.09970674486803519,0.09970674486803519,0.0,0.0,0.8494623655913979
8901,Blue,-0.0078125,0.0,-0.09970674486803519,0.09970674486803519,0.0,0.0,0.8494623655913979
8920,Blue,-0.0078125,0.0,-0.09970674486803519,0.09970674486803519,0.0,0.0,0.8494623655913979
8940,Blue,-0.0078125,0.0,-0.09970674486803519,0.09970674486803519,0.0,0.0,0.8494623655913979
8960,Blue,-0.0078125,0.0,-0.09970674486803519,0.09970674486803519,0.0,0.0,0.8494623655913979
8981,Blue,-0.0078125,0.0,-0.09970674486803519,0.09970674486803519,0.0,0.0,0.8494623655913979
9000,Blue,-0.0078125,0.0,-0.09970674486803519,0.09970674486803519,0.0,0.0,0.8494623655913979
9021,Blue,-0.0078125,0.0,-0.09970674486803519,0.09970674486803519,0.0,0.0,0.8494623655913979
9040,Blue,-0.0078125,0.0,-0.09970674486803519,0.09970674486803519,0.0,0.0,0.8494623655913979
9061,Blue,-0.0078125,0.0,-0.09970674486803519,0.09970674486803519,0.0,0.0,0.8494623655913979
9080,Blue,-0.0078125,0.0,-0.09970674486803519,0.09970674486803519,0.0,0.0,0.8494623655913979
9100,Blue,-0.0078125,0.0,-0.09970674486803519,0.09970674486803519,0.0,0.0,0.8494623655913979
9120,Blue,-0.0078125,0.0,-0.09970674486803519,0.09970674486803519,-0.9090909090909091,-0.8699902248289345,0.8494623655913979
9140,Blue,-0.0078125,0.0,-0.09970674486803519,0.09970674486803519,-0.9090909090909091,-0.8699902248289345,0.8494623655913979
9160,Blue,-0.0078125,0.0,-0.09970674486803519,0.09970674486803519,-0.9090909090909091,-0.8699902248289345,0.8494623655913979
9181,Blue,-0.0078125,0.031496062874794006,-0.09970674486803519,0.09970674486803519,-0.9090909090909091,-0.8699902248289345,0.8494623655913979
9200,Blue,-0.0078125,0.04724409431219101,-0.09970674486803519,0.09970674486803519,-0.9090909090909091,-0.8699902248289345,0.8494623655913979
9221,Blue,-0.0078125,0.07874015718698502,-0.09970674486803519,0.09970674486803519,-0.9090909090909091,-0.8699902248289345,0.8494623655913979
9241,Blue,-0.0078125,0.11023622006177902,-0.09970674486803519,0.09970674486803519,-0.9090909090909091,-0.8699902248289345,0.8494623655913979
9260,Blue,-0.0078125,0.15748031437397003,-0.09970674486803519,0.09970674486803519,-0.9090909090909091,-0.8699902248289345,0.8494623655913979
9281,Blue,-0.0078125,0.17322835326194763,-0.09970674486803519,0.09970674486803519,-0.9090909090909091,-0.8699902248289345,0.8494623655913979
9301,Blue,-0.0078125,0.18897637724876404,-0.09970674486803519,0.09970674486803519,-0.9090909090909091,-0.8699902248289345,0.8494623655913979
9320,Blue,-0.0078125,0.18897637724876404,-0.09970674486803519,0.09970674486803519,-0.9090909090909091,-0.8699902248289345,0.8494623655913979
9340,Blue,-0.0078125,0.18897637724876404,-0.09970674486803519,0.09970674486803519,-0.9090909090909091,-0.8699902248289345,0.8494623655913979
9361,Blue,-0.0078125,0.15748031437397003,-0.09970674486803519,0.09970674486803519,-0.9090909090909091,-0.8699902248289345,0.8494623655913979
9380,Blue,-0.0078125,0.11023622006177902,-0.09970674486803519,0.09970674486803519,-0.9090909090909091,-0.8699902248289345,0.8494623655913979
9402,Blue,-0.0078125,0.07086614519357681,-0.09970674486803519,0.09970674486803519,-0.9090909090909091,-0.8699902248289345,0.8494623655913979
9421,Blue,-0.0078125,0.04724409431219101,-0.09970674486803519,0.09970674486803519,-0.9090909090909091,-0.8699902248289345,0.8494623655913979
9440,Blue,-0.0078125,0.0,-0.09970674486803519,0.09970674486803519,-0.9090909090909091,-0.8699902248289345,0.8494623655913979
9460,Blue,-0.0078125,0.0,-0.09970674486803519,0.09970674486803519,-0.9090909090909091,-0.8699902248289345,0.8494623655913979
9481,Blue,-0.0078125,0.0,-0.09970674486803519,0.09970674486803519,-0.9090909090909091,-0.8699902248289345,0.8494623655913979
9501,Blue,-0.0078125,0.0,-0.09970674486803519,0.09970674486803519,-0.9090909090909091,-0.8699902248289345,0.8494623655913979
9520,Blue,-0.0078125,0.0,-0.09970674486803519,0.09970674486803519,-0.9090909090909091,-0.8699902248289345,0.8494623655913979
9543,Blue,-0.0078125,0.0,-0.09970674486803519,0.09970674486803519,-0.9090909090909091,-0.8699902248289345,0.8494623655913979
9560,Blue,-0.0078125,0.0,-0.09970674486803519,0.09970674486803519,-0.9090909090909091,-0.8699902248289345,0.8494623655913979
9580,Blue,-0.0078125,0.0,-0.09970674486803519,0.09970674486803519,-0.9090909090909091,-0.8699902248289345,0.8494623655913979
9600,Blue,-0.0078125,0.0,-0.09970674486803519,0.09970674486803519,-0.9090909090909091,-0.8699902248289345,0.8494623655913979
9622,Blue,-0.0078125,0.0,-0.09970674486803519,0.09970674486803519,-0.9090909090909091,-0.8699902248289345,0.8494623655913979
9641,Blue,-0.0078125,0.0,-0.09970674486803519,0.09970674486803519,-0.9090909090909091,-0.8699902248289345,0.8494623655913979
9661,Blue,-0.0078125,0.0,-0.09970674486803519,0.09970674486803519,-0.9090909090909091,-0.8699902248289345,0.8494623655913979
9682,Blue,-0.0078125,0.0,-0.09970674486803519,0.09970674486803519,-0.9090909090909091,-0.8699902248289345,0.8494623655913979
9701,Blue,-0.0078125,0.0,-0.09970674486803519,0.09970674486803519,-0.9090909090909091,-0.8699902248289345,0.8494623655913979
9720,Blue,-0.0078125,0.0,-0.09970674486803519,0.09970674486803519,-0.9090909090909091,-0.8699902248289345,0.8494623655913979
9756,Blue,-0.0078125,0.0,-0.09970674486803519,0.09970674486803519,-0.9090909090909091,-0.8699902248289345,0.8494623655913979
9767,Blue,-0.0078125,0.0,-0.09970674486803519,0.09970674486803519,-0.9090909090909091,-0.8699902248289345,0.8494623655913979
9782,Blue,-0.0078125,0.0,-0.09970674486803519,0.09970674486803519,-0.9090909090909091,-0.8699902248289345,0.8494623655913979
9801,Blue,-0.0078125,0.0,-0.09970674486803519,0.09970674486803519,-0.9090909090909091,-0.8699902248289345,0.8494623655913979
9820,Blue,-0.0078125,0.0,-0.09970674486803519,0.09970674486803519,-0.9090909090909091,-0.8699902248289345,0.8494623655913979
9840,Blue,-0.0078125,0.0,-0.09970674486803519,0.09970674486803519,-0.9090909090909091,-0.8699902248289345,0.8494623655913979
9860,Blue,-0.0078125,0.0,-0.09970674486803519,0.09970674486803519,-0.9090909090909091,-0.8699902248289345,0.8494623655913979
9881,Blue,-0.0078125,0.0,-0.09970674486803519,0.09970674486803519,-0.9090909090909091,-0.8699902248289345,0.8494623655913979
9901,Blue,-0.0078125,0.0,-0.09970674486803519,0.09970674486803519,-0.9090909090909091,-0.8699902248289345,0.8494623655913979
9922,Blue,-0.0078125,0.0,-0.09970674486803519,0.09970674486803519,-0.9090909090909091,-0.8699902248289345,0.8494623655913979
9941,Blue,-0.0078125,0.0,-0.09970674486803519,0.09970674486803519,-0.9090909090909091,-0.8699902248289345,0.8494623655913979
9962,Blue,-0.0078125,0.0,-0.09970674486803519,0.09970674486803519,-0.9090909090909091,-0.8699902248289345,0.8494623655913979
9981,Blue,-0.0078125,0.0,-0.09970674486803519,0.09970674486803519,-0.9090909090909091,-0.8699902248289345,0.8494623655913979
10000,Blue,-0.0078125,0.0,-0.09970674486803519,0.09970674486803519,-0.9090909090909091,-0.8699902248289345,0.8494623655913979
10021,Blue,-0.0078125,0.0,-0.09970674486803519,0.09970674486803519,-0.9090909090909091,-0.8699902248289345,0.8494623655913979
10041,Blue,-0.0078125,0.0,-0.09970674486803519,0.09970674486803519,-0.9090909090909091,-0.8699902248289345,0.8494623655913979
10072,Blue,-0.0078125,0.0,-0.09970674486803519,0.09970674486803519,-0.9090909090909091,-0.8699902248289345,0.8494623655913979
10084,Blue,-0.0078125,0.0,-0.09970674486803519,0.09970674486803519,-0.9090909090909091,-0.8699902248289345,0.8494623655913979
10101,Blue,-0.0078125,0.0,-0.09970674486803519,0.09970674486803519,-0.9090909090909091,-0.8699902248289345,0.8494623655913979
10121,Blue,-0.0078125,0.0,-0.09970674486803519,0.09970674486803519,-0.9090909090909091,-0.8699902248289345,0.8494623655913979
10140,Blue,-0.0078125,0.0,-0.09970674486803519,0.09970674486803519,-0.9090909090909091,-0.8699902248289345,0.8494623655913979
10160,Blue,-0.0078125,0.0,-0.09970674486803519,0.09970674486803519,-0.9090909090909091,-0.8699902248289345,0.8494623655913979
10180,Blue,-0.0078125,0.0,-0.09970674486803519,0.09970674486803519,-0.9090909090909091,-0.8699902248289345,0.8494623655913979
10200,Blue,-0.0078125,0.0,-0.09970674486803519,0.09970674486803519,-0.9090909090909091,-0.8699902248289345,0.8494623655913979
10220,Blue,-0.0078125,0.0,-0.09970674486803519,0.09970674486803519,-0.9090909090909091,-0.8699902248289345,0.8494623655913979
10239,Blue,-0.0078125,0.0,-0.09970674486803519,0.09970674486803519,-0.9090909090909091,-0.8699902248289345,0.8494623655913979
10260,Blue,-0.0078125,0.0,-0.09970674486803519,0.09970674486803519,-0.9090909090909091,-0.8699902248289345,0.8494623655913979
10281,Blue,-0.0078125,0.0,-0.09970674486803519,0.09970674486803519,-0.9090909090909091,-0.8699902248289345,0.8494623655913979
10300,Blue,-0.0078125,0.0,-0.09970674486803519,0.09970674486803519,-0.9090909090909091,-0.8699902248289345,0.8494623655913979
10321,Blue,-0.0078125,0.0,-0.09970674486803519,0.09970674486803519,-0.9090909090909091,-0.8699902248289345,0.8494623655913979
10340,Blue,-0.0078125,0.0,-0.09970674486803519,0.09970674486803519,-0.9090909090909091,-0.8699902248289345,0.8494623655913979
10360,Blue,-0.0078125,0.0,-0.09970674486803519,0.09970674486803519,-0.9090909090909091,-0.8699902248289345,0.8494623655913979
10380,Blue,-0.0078125,0.0,-0.09970674486803519,0.09970674486803519,-0.9090909090909091,-0.8699902248289345,0.8494623655913979
10401,Blue,-0.0078125,0.0,-0.09970674486803519,0.09970674486803519,-0.9090909090909091,-0.8699902248289345,0.8494623655913979
10420,Blue,-0.0078125,0.0,-0.09970674486803519,0.09970674486803519,-0.9090909090909091,-0.8699902248289345,0.8494623655913979
10441,Blue,-0.0078125,0.0,-0.09970674486803519,0.09970674486803519,-0.9090909090909091,-0.8699902248289345,0.8494623655913979
10460,Blue,-0.0078125,0.0,-0.09970674486803519,0.09970674486803519,-0.9090909090909091,-0.8699902248289345,0.8494623655913979
10481,Blue,-0.0078125,0.0,-0.09970674486803519,0.09970674486803519,-0.9090909090909091,-0.8699902248289345,0.8494623655913979
10501,Blue,-0.0078125,0.0,-0.09970674486803519,0.09970674486803519,-0.9090909090909091,-0.8699902248289345,0.8494623655913979
10520,Blue,-0.0078125,0.0,-0.09970674486803519,0.09970674486803519,-0.9090909090909091,-0.8699902248289345,0.8494623655913979
10541,Blue,-0.0078125,0.0,-0.09970674486803519,0.09970674486803519,-0.9090909090909091,-0.8699902248289345,0.8494623655913979
10560,Blue,-0.0078125,0.0,-0.09970674486803519,0.09970674486803519,-0.9090909090909091,-0.8699902248289345,0.8494623655913979
10580,Blue,-0.0078125,0.0,-0.09970674486803519,0.09970674486803519,-0.9090909090909091,-0.8699902248289345,0.8494623655913979
10601,Blue,-0.0078125,0.0,-0.09970674486803519,0.09970674486803519,-0.9090909090909091,-0.8699902248289345,0.8494623655913979
10621,Blue,-0.0078125,0.0,-0.09970674486803519,0.09970674486803519,-0.9090909090909091,-0.8699902248289345,0.8494623655913979
10640,Blue,-0.0078125,0.0,-0.09970674486803519,0.09970674486803519,-0.9090909090909091,-0.8699902248289345,0.8494623655913979
10661,Blue,-0.0078125,0.0,-0.09970674486803519,0.09970674486803519,-0.9090909090909091,-0.8699902248289345,0.8494623655913979
10681,Blue,-0.0078125,-0.0078125,-0.09970674486803519,0.09970674486803519,-0.9090909090909091,-0.8699902248289345,0.8494623655913979
10700,Blue,-0.0078125,-0.0078125,-0.09970674486803519,0.09970674486803519,-0.9090909090909091,-0.8699902248289345,0.8494623655913979
10720,Blue,-0.0078125,-0.0078125,-0.09970674486803519,0.09970674486803519,-0.9090909090909091,-0.8699902248289345,0.8494623655913979
10740,Blue,-0.0078125,-0.0078125,-0.09970674486803519,0.09970674486803519,-0.9090909090909091,-0.8699902248289345,0.8494623655913979
10760,Blue,-0.0078125,-0.0078125,-0.09970674486803519,0.09970674486803519,-0.9090909090909091,-0.8699902248289345,0.8494623655913979
10780,Blue,-0.0078125,-0.0078125,-0.09970674486803519,0.09970674486803519,-0.9090909090909091,-0.8699902248289345,0.8494623655913979
10801,Blue,-0.0078125,-0.0078125,-0.09970674486803519,0.09970674486803519,-0.9090909090909091,-0.8699902248289345,0.8494623655913979
10820,Blue,-0.0078125,-0.0078125,-0.09970674486803519,0.09970674486803519,-0.9090909090909091,-0.8699902248289345,0.8494623655913979
10840,Blue,-0.0078125,-0.0078125,-0.09970674486803519,0.09970674486803519,-0.9090909090909091,-0.8699902248289345,0.8494623655913979
10861,Blue,-0.0078125,-0.0078125,-0.09970674486803519,0.09970674486803519,-0.9090909090909091,-0.8699902248289345,0.8494623655913979
10881,Blue,-0.0078125,-0.0078125,-0.09970674486803519,0.09970674486803519,-0.9090909090909091,-0.8699902248289345,0.8494623655913979
10900,Blue,-0.0078125,-0.0078125,-0.09970674486803519,0.09970674486803519,-0.9090909090909091,-0.8699902248289345,0.8494623655913979
10921,Blue,-0.0078125,-0.0078125,-0.09970674486803519,0.09970674486803519,-0.9090909090909091,-0.8699902248289345,0.8494623655913979
10941,Blue,-0.0078125,-0.0078125,-0.09970674486803519,0.09970674486803519,-0.9090909090909091,-0.8699902248289345,0.8494623655913979
10959,Blue,-0.0078125,-0.0078125,-0.09970674486803519,0.09970674486803519,-0.9090909090909091,-0.8699902248289345,0.8494623655913979
10981,Blue,-0.0078125,-0.0078125,-0.09970674486803519,0.09970674486803519,-0.9090909090909091,-0.8699902248289345,0.8494623655913979
11000,Blue,-0.0078125,-0.0078125,-0.09970674486803519,0.09970674486803519,-0.9090909090909091,-0.8699902248289345,0.8494623655913979
11020,Blue,-0.0078125,-0.0078125,-0.09970674486803519,0.09970674486803519,-0.9090909090909091,-0.8699902248289345,0.8494623655913979
11040,Blue,-0.0078125,-0.0078125,-0.09970674486803519,0.09970674486803519,-0.9090909090909091,-0.8699902248289345,0.8494623655913979
11061,Blue,-0.0078125,-0.0078125,-0.09970674486803519,0.09970674486803519,-0.9090909090909091,-0.8699902248289345,0.8494623655913979
11081,Blue,-0.0078125,-0.0078125,-0.09970674486803519,0.09970674486803519,-0.9090909090909091,-0.8699902248289345,0.8494623655913979
11100,Blue,-0.0078125,-0.0078125,-0.09970674486803519,0.09970674486803519,-0.9090909090909091,-0.8699902248289345,0.8494623655913979
11121,Blue,-0.0078125,-0.0078125,-0.09970674486803519,0.09970674486803519,-0.9090909090909091,-0.8699902248289345,0.8494623655913979
11141,Blue,-0.0078125,-0.0078125,-0.09970674486803519,0.09970674486803519,-0.9090909090909091,-0.8699902248289345,0.8494623655913979
11160,Blue,-0.0078125,-0.0078125,-0.09970674486803519,0.09970674486803519,-0.9090909090909091,-0.8699902248289345,0.8494623655913979
11181,Blue,-0.0078125,-0.0078125,-0.09970674486803519,0.09970674486803519,-0.9090909090909091,-0.8699902248289345,0.8494623655913979
11201,Blue,-0.0078125,-0.0078125,-0.09970674486803519,0.09970674486803519,-0.9090909090909091,-0.8699902248289345,0.8494623655913979
11220,Blue,-0.0078125,-0.0078125,-0.09970674486803519,0.09970674486803519,-0.9090909090909091,-0.8699902248289345,0.8494623655913979
11240,Blue,-0.0078125,-0.0078125,-0.09970674486803519,0.09970674486803519,-0.9090909090909091,-0.8699902248289345,0.8494623655913979
11261,Blue,-0.0078125,-0.0078125,-0.09970674486803519,0.09970674486803519,-0.9090909090909091,-0.8699902248289345,0.8494623655913979
11281,Blue,-0.0078125,-0.0078125,-0.09970674486803519,0.09970674486803519,-0.9090909090909091,-0.8699902248289345,0.8494623655913979
11300,Blue,-0.0078125,-0.0078125,-0.09970674486803519,0.09970674486803519,-0.9090909090909091,-0.8699902248289345,0.8494623655913979
11320,Blue,-0.0078125,-0.0078125,-0.09970674486803519,0.09970674486803519,-0.9090909090909091,-0.8699902248289345,0.8494623655913979
11340,Blue,-0.0078125,-0.0078125,-0.09970674486803519,0.09970674486803519,-0.9090909090909091,-0.8699902248289345,0.8494623655913979
11360,Blue,-0.0078125,-0.0078125,-0.09970674486803519,0.09970674486803519,-0.9090909090909091,-0.8699902248289345,0.8494623655913979
11381,Blue,-0.0078125,-0.0078125,-0.09970674486803519,0.09970674486803519,-0.9090909090909091,-0.8699902248289345,0.8494623655913979
11400,Blue,-0.0078125,-0.0078125,-0.09970674486803519,0.09970674486803519,-0.9090909090909091,-0.8699902248289345,0.8494623655913979
11421,Blue,-0.0078125,-0.0078125,-0.09970674486803519,0.09970674486803519,-0.9090909090909091,-0.8699902248289345,0.8494623655913979
11441,Blue,-0.0078125,-0.0078125,-0.09970674486803519,0.09970674486803519,-0.9090909090909091,-0.8699902248289345,0.8494623655913979
11460,Blue,-0.0078125,-0.0078125,-0.09970674486803519,0.09970674486803519,-0.9090909090909091,-0.8699902248289345,0.8494623655913979
11480,Blue,-0.0078125,-0.0078125,-0.09970674486803519,0.09970674486803519,-0.9090909090909091,-0.8699902248289345,0.8494623655913979
11501,Blue,-0.0078125,-0.0078125,-0.09970674486803519,0.09970674486803519,-0.9090909090909091,-0.8699902248289345,0.8494623655913979
11520,Blue,-0.0078125,-0.0078125,-0.09970674486803519,0.09970674486803519,-0.9090909090909091,-0.8699902248289345,0.8494623655913979
11541,Blue,-0.0078125,-0.0078125,-0.09970674486803519,0.09970674486803519,-0.9090909090909091,-0.8699902248289345,0.8494623655913979
11560,Blue,-0.0078125,-0.0078125,-0.09970674486803519,0.09970674486803519,-0.9090909090909091,-0.8699902248289345,0.8494623655913979
11580,Blue,-0.0078125,-0.0078125,-0.09970674486803519,0.09970674486803519,-0.9090909090909091,-0.8699902248289345,0.8494623655913979
11600,Blue,-0.0078125,-0.0078125,-0.09970674486803519,0.09970674486803519,-0.9090909090909091,-0.8699902248289345,0.8494623655913979
11620,Blue,-0.0078125,-0.0078125,-0.09970674486803519,0.09970674486803519,-0.9090909090909091,-0.8699902248289345,0.8494623655913979
11641,Blue,-0.0078125,-0.0078125,-0.09970674486803519,0.09970674486803519,-0.9090909090909091,-0.8699902248289345,0.8494623655913979
11662,Blue,-0.0078125,-0.0078125,-0.09970674486803519,0.09970674486803519,-0.9090909090909091,-0.8699902248289345,0.8494623655913979
11680,Blue,-0.0078125,-0.0078125,-0.09970674486803519,0.09970674486803519,-0.9090909090909091,-0.8699902248289345,0.8494623655913979
11701,Blue,-0.0078125,-0.0078125,-0.09970674486803519,0.09970674486803519,-0.9090909090909091,-0.8699902248289345,0.8494623655913979
11721,Blue,-0.0078125,-0.0078125,-0.09970674486803519,0.09970674486803519,-0.9090909090909091,-0.8699902248289345,0.8494623655913979
11741,Blue,-0.0078125,-0.0078125,-0.09970674486803519,0.09970674486803519,-0.9090909090909091,-0.8699902248289345,0.8494623655913979
11761,Blue,-0.0078125,-0.0078125,-0.09970674486803519,0.09970674486803519,-0.9090909090909091,-0.8699902248289345,0.8494623655913979
11780,Blue,-0.0078125,-0.0078125,-0.09970674486803519,0.09970674486803519,-0.9090909090909091,-0.8699902248289345,0.8494623655913979
11800,Blue,-0.0078125,-0.0078125,-0.09970674486803519,0.09970674486803519,-0.9090909090909091,-0.8699902248289345,0.8494623655913979
11820,Blue,-0.0078125,-0.0078125,-0.09970674486803519,0.09970674486803519,-0.9090909090909091,-0.8699902248289345,0.8494623655913979
11840,Blue,-0.0078125,-0.0078125,-0.09970674486803519,0.09970674486803519,-0.9090909090909091,-0.8699902248289345,0.8494623655913979
11861,Blue,-0.0078125,-0.0078125,-0.09970674486803519,0.09970674486803519,-0.9090909090909091,-0.8699902248289345,0.8494623655913979
11880,Blue,-0.0078125,-0.0078125,-0.09970674486803519,0.09970674486803519,-0.9090909090909091,-0.8699902248289345,0.8494623655913979
11900,Blue,-0.0078125,-0.0078125,-0.09970674486803519,0.09970674486803519,-0.9090909090909091,-0.8699902248289345,0.8494623655913979
11920,Blue,-0.0078125,-0.0078125,-0.09970674486803519,0.09970674486803519,-0.9090909090909091,-0.8699902248289345,0.8494623655913979
11940,Blue,-0.0078125,-0.0078125,-0.09970674486803519,0.09970674486803519,-0.9090909090909091,-0.8699902248289345,0.8494623655913979
11960,Blue,-0.0078125,-0.0078125,-0.09970674486803519,0.09970674486803519,-0.9090909090909091,-0.8699902248289345,0.8494623655913979
11981,Blue,-0.0078125,-0.0078125,-0.09970674486803519,0.09970674486803519,-0.9090909090909091,-0.8699902248289345,0.8494623655913979
12001,Blue,-0.0078125,-0.0078125,-0.09970674486803519,0.09970674486803519,-0.9090909090909091,-0.8699902248289345,0.8494623655913979
12022,Blue,-0.0078125,-0.0078125,-0.09970674486803519,0.09970674486803519,-0.9090909090909091,-0.8699902248289345,0.8494623655913979
12040,Blue,-0.0078125,-0.0078125,-0.09970674486803519,0.09970674486803519,-0.9090909090909091,-0.8699902248289345,0.8494623655913979
12061,Blue,-0.0078125,-0.0078125,-0.09970674486803519,0.09970674486803519,-0.9090909090909091,-0.8699902248289345,0.8494623655913979
12081,Blue,-0.0078125,-0.0078125,-0.09970674486803519,0.09970674486803519,-0.9090909090909091,-0.8699902248289345,0.8494623655913979
12101,Blue,-0.0078125,-0.0078125,-0.09970674486803519,0.09970674486803519,-0.9090909090909091,-0.8699902248289345,0.8494623655913979
12120,Blue,-0.0078125,-0.0078125,-0.09970674486803519,0.09970674486803519,-0.9090909090909091,-0.8699902248289345,0.8494623655913979
12140,Blue,-0.0078125,-0.0078125,-0.09970674486803519,0.09970674486803519,-0.9090909090909091,-0.8699902248289345,0.8494623655913979
12160,Blue,-0.0078125,-0.0078125,-0.09970674486803519,0.09970674486803519,-0.9090909090909091,-0.8699902248289345,0.8494623655913979
12180,Blue,-0.0078125,-0.0078125,-0.09970674486803519,0.09970674486803519,-0.9090909090909091,-0.8699902248289345,0.8494623655913979
12200,Blue,-0.0078125,-0.0078125,-0.09970674486803519,0.09970674486803519,-0.9090909090909091,-0.8699902248289345,0.8494623655913979
12220,Blue,-0.0078125,-0.0078125,-0.09970674486803519,0.09970674486803519,-0.9090909090909091,-0.8699902248289345,0.8494623655913979
12240,Blue,-0.0078125,-0.0078125,-0.09970674486803519,0.09970674486803519,-0.9090909090909091,-0.8699902248289345,0.8494623655913979
12260,Blue,-0.0078125,-0.0078125,-0.09970674486803519,0.09970674486803519,-0.9090909090909091,-0.8699902248289345,0.8494623655913979
12279,Blue,-0.0078125,-0.0078125,-0.09970674486803519,0.09970674486803519,-0.9090909090909091,-0.8699902248289345,0.8494623655913979
12300,Blue,-0.0078125,-0.0078125,-0.09970674486803519,0.09970674486803519,-0.9090909090909091,-0.8699902248289345,0.8494623655913979
12321,Blue,-0.0078125,-0.0078125,-0.09970674486803519,0.09970674486803519,-0.9090909090909091,-0.8699902248289345,0.8494623655913979
12340,Blue,-0.0078125,-0.0078125,-0.09970674486803519,0.09970674486803519,-0.9090909090909091,-0.8699902248289345,0.8494623655913979
12361,Blue,-0.0078125,-0.0078125,-0.09970674486803519,0.09970674486803519,-0.9090909090909091,-0.8699902248289345,0.8494623655913979
12380,Blue,-0.0078125,-0.0078125,-0.09970674486803519,0.09970674486803519,-0.9090909090909091,-0.8699902248289345,0.8494623655913979
12400,Blue,-0.0078125,-0.0078125,-0.09970674486803519,0.09970674486803519,-0.9090909090909091,-0.8699902248289345,0.8494623655913979
12421,Blue,-0.0078125,-0.0078125,-0.09970674486803519,0.09970674486803519,-0.9090909090909091,-0.8699902248289345,0.8494623655913979
12440,Blue,-0.0078125,-0.0078125,-0.09970674486803519,0.09970674486803519,-0.9090909090909091,-0.8699902248289345,0.8494623655913979
12460,Blue,-0.0078125,-0.0078125,-0.09970674486803519,0.09970674486803519,-0.9090909090909091,-0.8699902248289345,0.8494623655913979
12480,Blue,-0.0078125,-0.0078125,-0.09970674486803519,0.09970674486803519,-0.9090909090909091,-0.8699902248289345,0.8494623655913979
12500,Blue,-0.0078125,-0.0078125,-0.09970674486803519,0.09970674486803519,-0.9090909090909091,-0.8699902248289345,0.8494623655913979
12520,Blue,-0.0078125,-0.0078125,-0.09970674486803519,0.09970674486803519,-0.9090909090909091,-0.8699902248289345,0.8494623655913979
12540,Blue,-0.0078125,-0.0078125,-0.09970674486803519,0.09970674486803519,-0.9090909090909091,-0.8699902248289345,0.8494623655913979
12560,Blue,-0.0078125,-0.0078125,-0.09970674486803519,0.09970674486803519,-0.9090909090909091,-0.8699902248289345,0.8494623655913979
12581,Blue,-0.0078125,-0.0078125,-0.09970674486803519,0.09970674486803519,-0.9090909090909091,-0.8699902248289345,0.8494623655913979
12600,Blue,-0.0078125,-0.0078125,-0.09970674486803519,0.09970674486803519,-0.9090909090909091,-0.8699902248289345,0.8494623655913979
12623,Blue,-0.0078125,-0.0078125,-0.09970674486803519,0.09970674486803519,-0.9090909090909091,-0.8699902248289345,0.8494623655913979
12640,Blue,-0.0078125,-0.0078125,-0.09970674486803519,0.09970674486803519,-0.9090909090909091,-0.8699902248289345,0.8494623655913979
12660,Blue,-0.0078125,-0.0078125,-0.09970674486803519,0.09970674486803519,-0.9090909090909091,-0.8699902248289345,0.8494623655913979
12681,Blue,-0.0078125,-0.0078125,-0.09970674486803519,0.09970674486803519,-0.9090909090909091,-0.8699902248289345,0.8494623655913979
12701,Blue,-0.0078125,-0.0078125,-0.09970674486803519,0.09970674486803519,-0.9090909090909091,-0.8699902248289345,0.8494623655913979
12720,Blue,-0.0078125,-0.0078125,-0.09970674486803519,0.09970674486803519,-0.9090909090909091,-0.8699902248289345,0.8494623655913979
12740,Blue,-0.0078125,-0.0078125,-0.09970674486803519,0.09970674486803519,-0.9090909090909091,-0.8699902248289345,0.8494623655913979
12761,Blue,-0.0078125,-0.0078125,-0.09970674486803519,0.09970674486803519,-0.9090909090909091,-0.8699902248289345,0.8494623655913979
12781,Blue,-0.0078125,-0.0078125,-0.09970674486803519,0.09970674486803519,-0.9090909090909091,-0.8699902248289345,0.8494623655913979
12800,Blue,-0.0078125,-0.0078125,-0.09970674486803519,0.09970674486803519,-0.9090909090909091,-0.8699902248289345,0.8494623655913979
12821,Blue,-0.0078125,-0.0078125,-0.09970674486803519,0.09970674486803519,-0.9090909090909091,-0.8699902248289345,0.8494623655913979
12841,Blue,-0.0078125,-0.0078125,-0.09970674486803519,0.09970674486803519,-0.9090909090909091,-0.8699902248289345,0.8494623655913979
12861,Blue,-0.0078125,-0.0078125,-0.09970674486803519,0.09970674486803519,-0.9090909090909091,-0.8699902248289345,0.8494623655913979
12880,Blue,-0.0078125,-0.0078125,-0.09970674486803519,0.09970674486803519,-0.9090909090909091,-0.8699902248289345,0.8494623655913979
12901,Blue,-0.0078125,-0.0078125,-0.09970674486803519,0.09970674486803519,-0.9090909090909091,-0.8699902248289345,0.8494623655913979
12922,Blue,-0.0078125,-0.0078125,-0.09970674486803519,0.09970674486803519,-0.9090909090909091,-0.8699902248289345,0.8494623655913979
12940,Blue,-0.0078125,-0.0078125,-0.09970674486803519,0.09970674486803519,-0.9090909090909091,-0.8699902248289345,0.8494623655913979
12960,Blue,-0.0078125,-0.0078125,-0.09970674486803519,0.09970674486803519,-0.9090909090909091,-0.8699902248289345,0.8494623655913979
12981,Blue,-0.0078125,-0.0078125,-0.09970674486803519,0.09970674486803519,-0.9090909090909091,-0.8699902248289345,0.8494623655913979
13000,Blue,-0.0078125,-0.0078125,-0.09970674486803519,0.09970674486803519,-0.9090909090909091,-0.8699902248289345,0.8494623655913979
13020,Blue,-0.0078125,-0.0078125,-0.09970674486803519,0.09970674486803519,-0.9090909090909091,-0.8699902248289345,0.8494623655913979
13041,Blue,-0.0078125,-0.0078125,-0.09970674486803519,0.09970674486803519,-0.9090909090909091,-0.8699902248289345,0.8494623655913979
13060,Blue,-0.0078125,-0.0078125,-0.09970674486803519,0.09970674486803519,-0.9090909090909091,-0.8699902248289345,0.8494623655913979
13081,Blue,-0.0078125,-0.0078125,-0.09970674486803519,0.09970674486803519,-0.9090909090909091,-0.8699902248289345,0.8494623655913979
13102,Blue,-0.0078125,-0.0078125,-0.09970674486803519,0.09970674486803519,-0.9090909090909091,-0.8699902248289345,0.8494623655913979
13121,Blue,-0.0078125,-0.0078125,-0.09970674486803519,0.09970674486803519,-0.9090909090909091,-0.8699902248289345,0.8494623655913979
13141,Blue,-0.0078125,-0.0078125,-0.09970674486803519,0.09970674486803519,-0.9090909090909091,-0.8699902248289345,0.8494623655913979
13160,Blue,-0.0078125,-0.0078125,-0.09970674486803519,0.09970674486803519,-0.9090909090909091,-0.8699902248289345,0.8494623655913979
13180,Blue,-0.0078125,-0.0078125,-0.09970674486803519,0.09970674486803519,-0.9090909090909091,-0.8699902248289345,0.8494623655913979
13201,Blue,-0.0078125,-0.0078125,-0.09970674486803519,0.09970674486803519,-0.9090909090909091,-0.8699902248289345,0.8494623655913979
13221,Blue,-0.0078125,-0.0078125,-0.09970674486803519,0.09970674486803519,-0.9090909090909091,-0.8699902248289345,0.8494623655913979
13242,Blue,-0.0078125,-0.0078125,-0.09970674486803519,0.09970674486803519,-0.9090909090909091,-0.8699902248289345,0.8494623655913979
13261,Blue,-0.0078125,-0.0078125,-0.09970674486803519,0.09970674486803519,-0.9090909090909091,-0.8699902248289345,0.8494623655913979
13281,Blue,-0.0078125,-0.0078125,-0.09970674486803519,0.09970674486803519,-0.9090909090909091,-0.8699902248289345,0.8494623655913979
13299,Blue,-0.0078125,-0.0078125,-0.09970674486803519,0.09970674486803519,-0.9090909090909091,-0.8699902248289345,0.8494623655913979
13320,Blue,-0.0078125,-0.0078125,-0.09970674486803519,0.09970674486803519,-0.9090909090909091,-0.8699902248289345,0.8494623655913979
13342,Blue,-0.0078125,-0.0078125,-0.09970674486803519,0.09970674486803519,-0.9090909090909091,-0.8699902248289345,0.8494623655913979
13361,Blue,-0.0078125,-0.0078125,-0.09970674486803519,0.09970674486803519,-0.9090909090909091,-0.8699902248289345,0.8494623655913979
13380,Blue,-0.0078125,-0.0078125,-0.09970674486803519,0.09970674486803519,-0.9090909090909091,-0.8699902248289345,0.8494623655913979
13401,Blue,-0.0078125,-0.0078125,-0.09970674486803519,0.09970674486803519,-0.9090909090909091,-0.8699902248289345,0.8494623655913979
13421,Blue,-0.0078125,-0.0078125,-0.09970674486803519,0.09970674486803519,-0.9090909090909091,-0.8699902248289345,0.8494623655913979
13441,Blue,-0.0078125,-0.0078125,-0.09970674486803519,0.09970674486803519,-0.9090909090909091,-0.8699902248289345,0.8494623655913979
13460,Blue,-0.0078125,-0.0078125,-0.09970674486803519,0.09970674486803519,-0.9090909090909091,-0.8699902248289345,0.8494623655913979
13481,Blue,-0.0078125,-0.0078125,-0.09970674486803519,0.09970674486803519,-0.9090909090909091,-0.8699902248289345,0.8494623655913979
13500,Blue,-0.0078125,-0.0078125,-0.09970674486803519,0.09970674486803519,-0.9090909090909091,-0.8699902248289345,0.8494623655913979
13521,Blue,-0.0078125,-0.0078125,-0.09970674486803519,0.09970674486803519,-0.9090909090909091,-0.8699902248289345,0.8494623655913979
13541,Blue,-0.0078125,-0.0078125,-0.09970674486803519,0.09970674486803519,-0.9090909090909091,-0.8699902248289345,0.8494623655913979
13560,Blue,-0.0078125,-0.0078125,-0.09970674486803519,0.09970674486803519,-0.9090909090909091,-0.8699902248289345,0.8494623655913979
13581,Blue,-0.0078125,-0.0078125,-0.09970674486803519,0.09970674486803519,-0.9090909090909091,-0.8699902248289345,0.8494623655913979
13600,Blue,-0.0078125,-0.0078125,-0.09970674486803519,0.09970674486803519,-0.9090909090909091,-0.8699902248289345,0.8494623655913979
13621,Blue,-0.0078125,-0.0078125,-0.09970674486803519,0.09970674486803519,-0.9090909090909091,-0.8699902248289345,0.8494623655913979
13642,Blue,-0.0078125,-0.0078125,-0.09970674486803519,0.09970674486803519,-0.9090909090909091,-0.8699902248289345,0.8494623655913979
13662,Blue,-0.0078125,-0.0078125,-0.09970674486803519,0.09970674486803519,-0.9090909090909091,-0.8699902248289345,0.8494623655913979
13681,Blue,-0.0078125,-0.0078125,-0.09970674486803519,0.09970674486803519,-0.9090909090909091,-0.8699902248289345,0.8494623655913979
13701,Blue,-0.0078125,-0.0078125,-0.09970674486803519,0.09970674486803519,-0.9090909090909091,-0.8699902248289345,0.8494623655913979
13721,Blue,-0.0078125,-0.0078125,-0.09970674486803519,0.09970674486803519,-0.9090909090909091,-0.8699902248289345,0.8494623655913979
13744,Blue,-0.0078125,-0.0078125,-0.09970674486803519,0.09970674486803519,-0.9090909090909091,-0.8699902248289345,0.8494623655913979
13761,Blue,-0.0078125,-0.0078125,-0.09970674486803519,0.09970674486803519,-0.9090909090909091,-0.8699902248289345,0.8494623655913979
13780,Blue,-0.0078125,-0.0078125,-0.09970674486803519,0.09970674486803519,-0.9090909090909091,-0.8699902248289345,0.8494623655913979
13800,Blue,-0.0078125,-0.0078125,-0.09970674486803519,0.09970674486803519,-0.9090909090909091,-0.8699902248289345,0.8494623655913979
13820,Blue,-0.0078125,-0.0078125,-0.09970674486803519,0.09970674486803519,-0.9090909090909091,-0.8699902248289345,0.8494623655913979
13843,Blue,-0.0078125,-0.0078125,-0.09970674486803519,0.09970674486803519,-0.9090909090909091,-0.8699902248289345,0.8494623655913979
13861,Blue,-0.0078125,-0.0078125,-0.09970674486803519,0.09970674486803519,-0.9090909090909091,-0.8699902248289345,0.8494623655913979
13880,Blue,-0.0078125,-0.0078125,-0.09970674486803519,0.09970674486803519,-0.9090909090909091,-0.8699902248289345,0.8494623655913979
13901,Blue,-0.0078125,-0.0078125,-0.09970674486803519,0.09970674486803519,-0.9090909090909091,-0.8699902248289345,0.8494623655913979
13921,Blue,-0.0078125,-0.0078125,-0.09970674486803519,0.09970674486803519,-0.9090909090909091,-0.8699902248289345,0.8494623655913979
13940,Blue,-0.0078125,-0.0078125,-0.09970674486803519,0.09970674486803519,-0.9090909090909091,-0.8699902248289345,0.8494623655913979
13961,Blue,-0.0078125,-0.0078125,-0.09970674486803519,0.09970674486803519,-0.9090909090909091,-0.8699902248289345,0.8494623655913979
13981,Blue,-0.0078125,-0.0078125,-0.09970674486803519,0.09970674486803519,-0.9090909090909091,-0.8699902248289345,0.8494623655913979
14000,Blue,-0.0078125,-0.0078125,-0.09970674486803519,0.09970674486803519,-0.9090909090909091,-0.8699902248289345,0.8494623655913979
14021,Blue,-0.0078125,-0.0078125,-0.09970674486803519,0.09970674486803519,-0.9090909090909091,-0.8699902248289345,0.8494623655913979
14042,Blue,-0.0078125,-0.0078125,-0.09970674486803519,0.09970674486803519,-0.9090909090909091,-0.8699902248289345,0.8494623655913979
14059,Blue,-0.0078125,-0.0078125,-0.09970674486803519,0.09970674486803519,-0.9090909090909091,-0.8699902248289345,0.8494623655913979
14081,Blue,-0.0078125,-0.0078125,-0.09970674486803519,0.09970674486803519,-0.9090909090909091,-0.8699902248289345,0.8494623655913979
14100,Blue,-0.0078125,-0.0078125,-0.09970674486803519,0.09970674486803519,-0.9090909090909091,-0.8699902248289345,0.8494623655913979
14121,Blue,-0.0078125,-0.0078125,-0.09970674486803519,0.09970674486803519,-0.9090909090909091,-0.8699902248289345,0.8494623655913979
14140,Blue,-0.0078125,-0.0078125,-0.09970674486803519,0.09970674486803519,-0.9090909090909091,-0.8699902248289345,0.8494623655913979
14160,Blue,-0.0078125,-0.0078125,-0.09970674486803519,0.09970674486803519,-0.9090909090909091,-0.8699902248289345,0.8494623655913979
14180,Blue,-0.0078125,-0.0078125,-0.09970674486803519,0.09970674486803519,-0.9090909090909091,-0.8699902248289345,0.8494623655913979
14201,Blue,-0.0078125,-0.0078125,-0.09970674486803519,0.09970674486803519,-0.9090909090909091,-0.8699902248289345,0.8494623655913979
14220,Blue,-0.0078125,-0.0078125,-0.09970674486803519,0.09970674486803519,-0.9090909090909091,-0.8699902248289345,0.8494623655913979
14240,Blue,-0.0078125,-0.0078125,-0.09970674486803519,0.09970674486803519,-0.9090909090909091,-0.8699902248289345,0.8494623655913979
14261,Blue,-0.0078125,-0.0078125,-0.09970674486803519,0.09970674486803519,-0.9090909090909091,-0.8699902248289345,0.8494623655913979
14281,Blue,-0.0078125,-0.0078125,-0.09970674486803519,0.09970674486803519,-0.9090909090909091,-0.8699902248289345,0.8494623655913979
14300,Blue,-0.0078125,-0.0078125,-0.09970674486803519,0.09970674486803519,-0.9090909090909091,-0.8699902248289345,0.8494623655913979
14321,Blue,-0.0078125,-0.0078125,-0.09970674486803519,0.09970674486803519,-0.9090909090909091,-0.8699902248289345,0.8494623655913979
14340,Blue,-0.0078125,-0.0078125,-0.09970674486803519,0.09970674486803519,-0.9090909090909091,-0.8699902248289345,0.8494623655913979
14360,Blue,-0.0078125,-0.0078125,-0.09970674486803519,0.09970674486803519,-0.9090909090909091,-0.8699902248289345,0.8494623655913979
14381,Blue,-0.0078125,-0.0078125,-0.09970674486803519,0.09970674486803519,-0.9090909090909091,-0.8699902248289345,0.8494623655913979
14400,Blue,-0.0078125,-0.0078125,-0.09970674486803519,0.09970674486803519,-0.9090909090909091,-0.8699902248289345,0.8494623655913979
14420,Blue,-0.0078125,-0.0078125,-0.09970674486803519,0.09970674486803519,-0.9090909090909091,-0.8699902248289345,0.8494623655913979
14440,Blue,-0.0078125,-0.0078125,-0.09970674486803519,0.09970674486803519,-0.9090909090909091,-0.8699902248289345,0.8494623655913979
14460,Blue,-0.0078125,-0.0078125,-0.09970674486803519,0.09970674486803519,-0.9090909090909091,-0.8699902248289345,0.8494623655913979
14480,Blue,-0.0078125,-0.0078125,-0.09970674486803519,0.09970674486803519,-0.9090909090909091,-0.8699902248289345,0.8494623655913979
14502,Blue,-0.0078125,-0.0078125,-0.09970674486803519,0.09970674486803519,-0.9090909090909091,-0.8699902248289345,0.8494623655913979
14521,Blue,-0.0078125,-0.0078125,-0.09970674486803519,0.09970674486803519,-0.9090909090909091,-0.8699902248289345,0.8494623655913979
14541,Blue,-0.0078125,-0.0078125,-0.09970674486803519,0.09970674486803519,-0.9090909090909091,-0.8699902248289345,0.8494623655913979
14560,Blue,-0.0078125,-0.0078125,-0.09970674486803519,0.09970674486803519,-0.9090909090909091,-0.8699902248289345,0.8494623655913979
14581,Blue,-0.0078125,-0.0078125,-0.09970674486803519,0.09970674486803519,-0.9090909090909091,-0.8699902248289345,0.8494623655913979
14601,Blue,-0.0078125,-0.0078125,-0.09970674486803519,0.09970674486803519,-0.9090909090909091,-0.8699902248289345,0.8494623655913979
14621,Blue,-0.0078125,-0.0078125,-0.09970674486803519,0.09970674486803519,-0.9090909090909091,-0.8699902248289345,0.8494623655913979
14641,Blue,-0.0078125,-0.0078125,-0.09970674486803519,0.09970674486803519,-0.9090909090909091,-0.8699902248289345,0.8494623655913979
14662,Blue,-0.0078125,-0.0078125,-0.09970674486803519,0.09970674486803519,-0.9090909090909091,-0.8699902248289345,0.8494623655913979
14679,Blue,-0.0078125,-0.0078125,-0.09970674486803519,0.09970674486803519,-0.9090909090909091,-0.8699902248289345,0.8494623655913979
14700,Blue,-0.0078125,-0.0078125,-0.09970674486803519,0.09970674486803519,-0.9090909090909091,-0.8699902248289345,0.8494623655913979
14721,Blue,-0.0078125,-0.0078125,-0.09970674486803519,0.09970674486803519,-0.9090909090909091,-0.8699902248289345,0.8494623655913979
14740,Blue,-0.0078125,-0.0078125,-0.09970674486803519,0.09970674486803519,-0.9090909090909091,-0.8699902248289345,0.8494623655913979
14760,Blue,-0.0078125,-0.0078125,-0.09970674486803519,0.09970674486803519,-0.9090909090909091,-0.8699902248289345,0.8494623655913979
14782,Blue,-0.0078125,-0.0078125,-0.09970674486803519,0.09970674486803519,-0.9090909090909091,-0.8699902248289345,0.8494623655913979
14801,Blue,-0.0078125,-0.0078125,-0.09970674486803519,0.09970674486803519,-0.9090909090909091,-0.8699902248289345,0.8494623655913979
14821,Blue,-0.0078125,-0.0078125,-0.09970674486803519,0.09970674486803519,-0.9090909090909091,-0.8699902248289345,0.8494623655913979
14841,Blue,-0.0078125,-0.0078125,-0.09970674486803519,0.09970674486803519,-0.9090909090909091,-0.8699902248289345,0.8494623655913979
14861,Blue,-0.0078125,-0.0078125,-0.09970674486803519,0.09970674486803519,-0.9090909090909091,-0.8699902248289345,0.8494623655913979
14881,Blue,-0.0078125,-0.0078125,-0.09970674486803519,0.09970674486803519,-0.9090909090909091,-0.8699902248289345,0.8494623655913979
14901,Blue,-0.0078125,-0.0078125,-0.09970674486803519,0.09970674486803519,-0.9090909090909091,-0.8699902248289345,0.8494623655913979
14924,Blue,-0.0078125,-0.0078125,-0.09970674486803519,0.09970674486803519,-0.9090909090909091,-0.8699902248289345,0.8494623655913979
14943,Blue,-0.0078125,-0.0078125,-0.09970674486803519,0.09970674486803519,-0.9090909090909091,-0.8699902248289345,0.8494623655913979
14960,Blue,-0.0078125,-0.0078125,-0.09970674486803519,0.09970674486803519,-0.9090909090909091,-0.8699902248289345,0.8494623655913979
14981,Blue,-0.0078125,-0.0078125,-0.09970674486803519,0.09970674486803519,-0.9090909090909091,-0.8699902248289345,0.8494623655913979
15000,Blue,-0.0078125,-0.0078125,-0.09970674486803519,0.09970674486803519,-0.9090909090909091,-0.8699902248289345,0.8494623655913979
15020,Blue,-0.0078125,-0.0078125,-0.09970674486803519,0.09970674486803519,-0.9090909090909091,-0.8699902248289345,0.8494623655913979
15041,Blue,-0.0078125,-0.0078125,-0.09970674486803519,0.09970674486803519,-0.9090909090909091,-0.8699902248289345,0.8494623655913979
15060,Blue,-0.0078125,-0.0078125,-0.09970674486803519,0.09970674486803519,-0.9090909090909091,-0.8699902248289345,0.8494623655913979
15081,Blue,-0.0078125,-0.0078125,-0.09970674486803519,0.09970674486803519,-0.9090909090909091,-0.8699902248289345,0.8494623655913979
15101,Blue,-0.0078125,-0.0078125,-0.09970674486803519,0.09970674486803519,-0.9090909090909091,-0.8699902248289345,0.8494623655913979
15120,Blue,-0.0078125,-0.0078125,-0.09970674486803519,0.09970674486803519,-0.9090909090909091,-0.8699902248289345,0.8494623655913979
15140,Blue,-0.0078125,-0.0078125,-0.09970674486803519,0.09970674486803519,-0.9090909090909091,-0.8699902248289345,0.8494623655913979
15161,Blue,-0.0078125,-0.0078125,-0.09970674486803519,0.09970674486803519,-0.9090909090909091,-0.8699902248289345,0.8494623655913979
15180,Blue,-0.0078125,-0.0078125,-0.09970674486803519,0.09970674486803519,-0.9090909090909091,-0.8699902248289345,0.8494623655913979
15201,Blue,-0.0078125,-0.0078125,-0.09970674486803519,0.09970674486803519,-0.9090909090909091,-0.8699902248289345,0.8494623655913979
